[     114ms] [INFO] %cDownload the React DevTools for a better development experience: https://react.dev/link/react-devtools font-weight:bold @ http://localhost:3000/_next/static/chunks/node_modules_next_dist_1e8vcs8._.js:776
[     125ms] [LOG] [HMR] connected @ http://localhost:3000/_next/static/chunks/node_modules_next_dist_1e8vcs8._.js:776
[     212ms] [LOG] %c[Vercel Web Analytics]%c Debug mode is enabled by default in development. No requests will be sent to the server. color: rgb(120, 120, 120) color: inherit @ http://localhost:3000/_next/static/chunks/node_modules_next_dist_1e8vcs8._.js:776
[     212ms] [LOG] %c[Vercel Web Analytics]%c Running queued event color: rgb(120, 120, 120) color: inherit pageview {route: /, path: /} @ http://localhost:3000/_next/static/chunks/node_modules_next_dist_1e8vcs8._.js:776
[     212ms] [LOG] %c[Vercel Web Analytics]%c Running queued event color: rgb(120, 120, 120) color: inherit pageview {route: /, path: /} @ http://localhost:3000/_next/static/chunks/node_modules_next_dist_1e8vcs8._.js:776
[     212ms] [LOG] %c[Vercel Web Analytics]%c [view] http://localhost:3000/ color: rgb(120, 120, 120) color: inherit {o: http://localhost:3000/, sv: 0.1.3, sdkn: @vercel/analytics/next, sdkv: 2.0.1, ts: 1791207039173} /_vercel/insights/view @ http://localhost:3000/_next/static/chunks/node_modules_next_dist_1e8vcs8._.js:776
[     212ms] [LOG] %c[Vercel Web Analytics]%c [view] http://localhost:3000/ color: rgb(120, 120, 120) color: inherit {o: http://localhost:3000/, sv: 0.1.3, sdkn: @vercel/analytics/next, sdkv: 2.0.1, ts: 1791207039173} /_vercel/insights/view @ http://localhost:3000/_next/static/chunks/node_modules_next_dist_1e8vcs8._.js:776
[     213ms] [LOG] %c[Vercel Speed Insights]%c Debug mode is enabled by default in development. No requests will be sent to the server. color: rgb(120, 120, 120) color: inherit @ http://localhost:3000/_next/static/chunks/node_modules_next_dist_1e8vcs8._.js:776
[  870362ms] [INFO] %cDownload the React DevTools for a better development experience: https://react.dev/link/react-devtools font-weight:bold @ http://localhost:3000/_next/static/chunks/node_modules_next_dist_1e8vcs8._.js:776
[  870388ms] [LOG] [HMR] connected @ http://localhost:3000/_next/static/chunks/node_modules_next_dist_1e8vcs8._.js:776
[  870456ms] [LOG] %c[Vercel Web Analytics]%c Debug mode is enabled by default in development. No requests will be sent to the server. color: rgb(120, 120, 120) color: inherit @ http://localhost:3000/_next/static/chunks/node_modules_next_dist_1e8vcs8._.js:776
[  870456ms] [LOG] %c[Vercel Web Analytics]%c Running queued event color: rgb(120, 120, 120) color: inherit pageview {route: /, path: /} @ http://localhost:3000/_next/static/chunks/node_modules_next_dist_1e8vcs8._.js:776
[  870459ms] [LOG] %c[Vercel Web Analytics]%c Running queued event color: rgb(120, 120, 120) color: inherit pageview {route: /, path: /} @ http://localhost:3000/_next/static/chunks/node_modules_next_dist_1e8vcs8._.js:776
[  870459ms] [LOG] %c[Vercel Web Analytics]%c [view] http://localhost:3000/ color: rgb(120, 120, 120) color: inherit {o: http://localhost:3000/, sv: 0.1.3, sdkn: @vercel/analytics/next, sdkv: 2.0.1, ts: 1791207909419} /_vercel/insights/view @ http://localhost:3000/_next/static/chunks/node_modules_next_dist_1e8vcs8._.js:776
[  870459ms] [LOG] %c[Vercel Web Analytics]%c [view] http://localhost:3000/ color: rgb(120, 120, 120) color: inherit {o: http://localhost:3000/, sv: 0.1.3, sdkn: @vercel/analytics/next, sdkv: 2.0.1, ts: 1791207909420} /_vercel/insights/view @ http://localhost:3000/_next/static/chunks/node_modules_next_dist_1e8vcs8._.js:776
[  870461ms] [LOG] %c[Vercel Speed Insights]%c Debug mode is enabled by default in development. No requests will be sent to the server. color: rgb(120, 120, 120) color: inherit @ http://localhost:3000/_next/static/chunks/node_modules_next_dist_1e8vcs8._.js:776
[  871932ms] [INFO] %cDownload the React DevTools for a better development experience: https://react.dev/link/react-devtools font-weight:bold @ http://localhost:3000/_next/static/chunks/node_modules_next_dist_1e8vcs8._.js:776
[  871942ms] [LOG] [HMR] connected @ http://localhost:3000/_next/static/chunks/node_modules_next_dist_1e8vcs8._.js:776
[  871981ms] [LOG] %c[Vercel Web Analytics]%c Debug mode is enabled by default in development. No requests will be sent to the server. color: rgb(120, 120, 120) color: inherit @ http://localhost:3000/_next/static/chunks/node_modules_next_dist_1e8vcs8._.js:776
[  871981ms] [LOG] %c[Vercel Web Analytics]%c Running queued event color: rgb(120, 120, 120) color: inherit pageview {route: /services, path: /services} @ http://localhost:3000/_next/static/chunks/node_modules_next_dist_1e8vcs8._.js:776
[  871981ms] [LOG] %c[Vercel Web Analytics]%c Running queued event color: rgb(120, 120, 120) color: inherit pageview {route: /services, path: /services} @ http://localhost:3000/_next/static/chunks/node_modules_next_dist_1e8vcs8._.js:776
[  871981ms] [LOG] %c[Vercel Web Analytics]%c [view] http://localhost:3000/services color: rgb(120, 120, 120) color: inherit {o: http://localhost:3000/services, sv: 0.1.3, sdkn: @vercel/analytics/next, sdkv: 2.0.1, ts: 1791207910942} /_vercel/insights/view @ http://localhost:3000/_next/static/chunks/node_modules_next_dist_1e8vcs8._.js:776
[  871981ms] [LOG] %c[Vercel Web Analytics]%c [view] http://localhost:3000/services color: rgb(120, 120, 120) color: inherit {o: http://localhost:3000/services, sv: 0.1.3, sdkn: @vercel/analytics/next, sdkv: 2.0.1, ts: 1791207910942} /_vercel/insights/view @ http://localhost:3000/_next/static/chunks/node_modules_next_dist_1e8vcs8._.js:776
[  871981ms] [LOG] %c[Vercel Speed Insights]%c Debug mode is enabled by default in development. No requests will be sent to the server. color: rgb(120, 120, 120) color: inherit @ http://localhost:3000/_next/static/chunks/node_modules_next_dist_1e8vcs8._.js:776
[  873132ms] [INFO] %cDownload the React DevTools for a better development experience: https://react.dev/link/react-devtools font-weight:bold @ http://localhost:3000/_next/static/chunks/node_modules_next_dist_1e8vcs8._.js:776
[  873143ms] [LOG] [HMR] connected @ http://localhost:3000/_next/static/chunks/node_modules_next_dist_1e8vcs8._.js:776
[  873192ms] [LOG] %c[Vercel Web Analytics]%c Debug mode is enabled by default in development. No requests will be sent to the server. color: rgb(120, 120, 120) color: inherit @ http://localhost:3000/_next/static/chunks/node_modules_next_dist_1e8vcs8._.js:776
[  873192ms] [LOG] %c[Vercel Web Analytics]%c Running queued event color: rgb(120, 120, 120) color: inherit pageview {route: /solutions, path: /solutions} @ http://localhost:3000/_next/static/chunks/node_modules_next_dist_1e8vcs8._.js:776
[  873192ms] [LOG] %c[Vercel Web Analytics]%c Running queued event color: rgb(120, 120, 120) color: inherit pageview {route: /solutions, path: /solutions} @ http://localhost:3000/_next/static/chunks/node_modules_next_dist_1e8vcs8._.js:776
[  873192ms] [LOG] %c[Vercel Web Analytics]%c [view] http://localhost:3000/solutions color: rgb(120, 120, 120) color: inherit {o: http://localhost:3000/solutions, sv: 0.1.3, sdkn: @vercel/analytics/next, sdkv: 2.0.1, ts: 1791207912152} /_vercel/insights/view @ http://localhost:3000/_next/static/chunks/node_modules_next_dist_1e8vcs8._.js:776
[  873192ms] [LOG] %c[Vercel Web Analytics]%c [view] http://localhost:3000/solutions color: rgb(120, 120, 120) color: inherit {o: http://localhost:3000/solutions, sv: 0.1.3, sdkn: @vercel/analytics/next, sdkv: 2.0.1, ts: 1791207912153} /_vercel/insights/view @ http://localhost:3000/_next/static/chunks/node_modules_next_dist_1e8vcs8._.js:776
[  873192ms] [LOG] %c[Vercel Speed Insights]%c Debug mode is enabled by default in development. No requests will be sent to the server. color: rgb(120, 120, 120) color: inherit @ http://localhost:3000/_next/static/chunks/node_modules_next_dist_1e8vcs8._.js:776
[  874280ms] [INFO] %cDownload the React DevTools for a better development experience: https://react.dev/link/react-devtools font-weight:bold @ http://localhost:3000/_next/static/chunks/node_modules_next_dist_1e8vcs8._.js:776
[  874290ms] [LOG] [HMR] connected @ http://localhost:3000/_next/static/chunks/node_modules_next_dist_1e8vcs8._.js:776
[  874323ms] [LOG] %c[Vercel Web Analytics]%c Debug mode is enabled by default in development. No requests will be sent to the server. color: rgb(120, 120, 120) color: inherit @ http://localhost:3000/_next/static/chunks/node_modules_next_dist_1e8vcs8._.js:776
[  874323ms] [LOG] %c[Vercel Web Analytics]%c Running queued event color: rgb(120, 120, 120) color: inherit pageview {route: /work, path: /work} @ http://localhost:3000/_next/static/chunks/node_modules_next_dist_1e8vcs8._.js:776
[  874323ms] [LOG] %c[Vercel Web Analytics]%c Running queued event color: rgb(120, 120, 120) color: inherit pageview {route: /work, path: /work} @ http://localhost:3000/_next/static/chunks/node_modules_next_dist_1e8vcs8._.js:776
[  874324ms] [LOG] %c[Vercel Web Analytics]%c [view] http://localhost:3000/work color: rgb(120, 120, 120) color: inherit {o: http://localhost:3000/work, sv: 0.1.3, sdkn: @vercel/analytics/next, sdkv: 2.0.1, ts: 1791207913284} /_vercel/insights/view @ http://localhost:3000/_next/static/chunks/node_modules_next_dist_1e8vcs8._.js:776
[  874324ms] [LOG] %c[Vercel Web Analytics]%c [view] http://localhost:3000/work color: rgb(120, 120, 120) color: inherit {o: http://localhost:3000/work, sv: 0.1.3, sdkn: @vercel/analytics/next, sdkv: 2.0.1, ts: 1791207913284} /_vercel/insights/view @ http://localhost:3000/_next/static/chunks/node_modules_next_dist_1e8vcs8._.js:776
[  874324ms] [LOG] %c[Vercel Speed Insights]%c Debug mode is enabled by default in development. No requests will be sent to the server. color: rgb(120, 120, 120) color: inherit @ http://localhost:3000/_next/static/chunks/node_modules_next_dist_1e8vcs8._.js:776
[  875378ms] [INFO] %cDownload the React DevTools for a better development experience: https://react.dev/link/react-devtools font-weight:bold @ http://localhost:3000/_next/static/chunks/node_modules_next_dist_1e8vcs8._.js:776
[  875390ms] [LOG] [HMR] connected @ http://localhost:3000/_next/static/chunks/node_modules_next_dist_1e8vcs8._.js:776
[  875432ms] [LOG] %c[Vercel Web Analytics]%c Debug mode is enabled by default in development. No requests will be sent to the server. color: rgb(120, 120, 120) color: inherit @ http://localhost:3000/_next/static/chunks/node_modules_next_dist_1e8vcs8._.js:776
[  875432ms] [LOG] %c[Vercel Web Analytics]%c Running queued event color: rgb(120, 120, 120) color: inherit pageview {route: /work/[slug], path: /work/bookcargo} @ http://localhost:3000/_next/static/chunks/node_modules_next_dist_1e8vcs8._.js:776
[  875433ms] [LOG] %c[Vercel Web Analytics]%c Running queued event color: rgb(120, 120, 120) color: inherit pageview {route: /work/[slug], path: /work/bookcargo} @ http://localhost:3000/_next/static/chunks/node_modules_next_dist_1e8vcs8._.js:776
[  875433ms] [LOG] %c[Vercel Web Analytics]%c [view] http://localhost:3000/work/bookcargo color: rgb(120, 120, 120) color: inherit {o: http://localhost:3000/work/bookcargo, sv: 0.1.3, sdkn: @vercel/analytics/next, sdkv: 2.0.1, ts: 1791207914393} /_vercel/insights/view @ http://localhost:3000/_next/static/chunks/node_modules_next_dist_1e8vcs8._.js:776
[  875433ms] [LOG] %c[Vercel Web Analytics]%c [view] http://localhost:3000/work/bookcargo color: rgb(120, 120, 120) color: inherit {o: http://localhost:3000/work/bookcargo, sv: 0.1.3, sdkn: @vercel/analytics/next, sdkv: 2.0.1, ts: 1791207914393} /_vercel/insights/view @ http://localhost:3000/_next/static/chunks/node_modules_next_dist_1e8vcs8._.js:776
[  875433ms] [LOG] %c[Vercel Speed Insights]%c Debug mode is enabled by default in development. No requests will be sent to the server. color: rgb(120, 120, 120) color: inherit @ http://localhost:3000/_next/static/chunks/node_modules_next_dist_1e8vcs8._.js:776
[  876539ms] [INFO] %cDownload the React DevTools for a better development experience: https://react.dev/link/react-devtools font-weight:bold @ http://localhost:3000/_next/static/chunks/node_modules_next_dist_1e8vcs8._.js:776
[  876551ms] [LOG] [HMR] connected @ http://localhost:3000/_next/static/chunks/node_modules_next_dist_1e8vcs8._.js:776
[  876585ms] [LOG] %c[Vercel Web Analytics]%c Debug mode is enabled by default in development. No requests will be sent to the server. color: rgb(120, 120, 120) color: inherit @ http://localhost:3000/_next/static/chunks/node_modules_next_dist_1e8vcs8._.js:776
[  876585ms] [LOG] %c[Vercel Web Analytics]%c Running queued event color: rgb(120, 120, 120) color: inherit pageview {route: /about, path: /about} @ http://localhost:3000/_next/static/chunks/node_modules_next_dist_1e8vcs8._.js:776
[  876585ms] [LOG] %c[Vercel Web Analytics]%c Running queued event color: rgb(120, 120, 120) color: inherit pageview {route: /about, path: /about} @ http://localhost:3000/_next/static/chunks/node_modules_next_dist_1e8vcs8._.js:776
[  876585ms] [LOG] %c[Vercel Web Analytics]%c [view] http://localhost:3000/about color: rgb(120, 120, 120) color: inherit {o: http://localhost:3000/about, sv: 0.1.3, sdkn: @vercel/analytics/next, sdkv: 2.0.1, ts: 1791207915546} /_vercel/insights/view @ http://localhost:3000/_next/static/chunks/node_modules_next_dist_1e8vcs8._.js:776
[  876585ms] [LOG] %c[Vercel Web Analytics]%c [view] http://localhost:3000/about color: rgb(120, 120, 120) color: inherit {o: http://localhost:3000/about, sv: 0.1.3, sdkn: @vercel/analytics/next, sdkv: 2.0.1, ts: 1791207915546} /_vercel/insights/view @ http://localhost:3000/_next/static/chunks/node_modules_next_dist_1e8vcs8._.js:776
[  876586ms] [LOG] %c[Vercel Speed Insights]%c Debug mode is enabled by default in development. No requests will be sent to the server. color: rgb(120, 120, 120) color: inherit @ http://localhost:3000/_next/static/chunks/node_modules_next_dist_1e8vcs8._.js:776
[  877680ms] [INFO] %cDownload the React DevTools for a better development experience: https://react.dev/link/react-devtools font-weight:bold @ http://localhost:3000/_next/static/chunks/node_modules_next_dist_1e8vcs8._.js:776
[  877689ms] [LOG] [HMR] connected @ http://localhost:3000/_next/static/chunks/node_modules_next_dist_1e8vcs8._.js:776
[  877738ms] [LOG] %c[Vercel Web Analytics]%c Debug mode is enabled by default in development. No requests will be sent to the server. color: rgb(120, 120, 120) color: inherit @ http://localhost:3000/_next/static/chunks/node_modules_next_dist_1e8vcs8._.js:776
[  877738ms] [LOG] %c[Vercel Web Analytics]%c Running queued event color: rgb(120, 120, 120) color: inherit pageview {route: /contact, path: /contact} @ http://localhost:3000/_next/static/chunks/node_modules_next_dist_1e8vcs8._.js:776
[  877739ms] [LOG] %c[Vercel Web Analytics]%c Running queued event color: rgb(120, 120, 120) color: inherit pageview {route: /contact, path: /contact} @ http://localhost:3000/_next/static/chunks/node_modules_next_dist_1e8vcs8._.js:776
[  877739ms] [LOG] %c[Vercel Web Analytics]%c [view] http://localhost:3000/contact color: rgb(120, 120, 120) color: inherit {o: http://localhost:3000/contact, sv: 0.1.3, sdkn: @vercel/analytics/next, sdkv: 2.0.1, ts: 1791207916699} /_vercel/insights/view @ http://localhost:3000/_next/static/chunks/node_modules_next_dist_1e8vcs8._.js:776
[  877739ms] [LOG] %c[Vercel Web Analytics]%c [view] http://localhost:3000/contact color: rgb(120, 120, 120) color: inherit {o: http://localhost:3000/contact, sv: 0.1.3, sdkn: @vercel/analytics/next, sdkv: 2.0.1, ts: 1791207916699} /_vercel/insights/view @ http://localhost:3000/_next/static/chunks/node_modules_next_dist_1e8vcs8._.js:776
[  877739ms] [LOG] %c[Vercel Speed Insights]%c Debug mode is enabled by default in development. No requests will be sent to the server. color: rgb(120, 120, 120) color: inherit @ http://localhost:3000/_next/static/chunks/node_modules_next_dist_1e8vcs8._.js:776
[  878827ms] [INFO] %cDownload the React DevTools for a better development experience: https://react.dev/link/react-devtools font-weight:bold @ http://localhost:3000/_next/static/chunks/node_modules_next_dist_1e8vcs8._.js:776
[  878836ms] [LOG] [HMR] connected @ http://localhost:3000/_next/static/chunks/node_modules_next_dist_1e8vcs8._.js:776
[  878879ms] [LOG] %c[Vercel Web Analytics]%c Debug mode is enabled by default in development. No requests will be sent to the server. color: rgb(120, 120, 120) color: inherit @ http://localhost:3000/_next/static/chunks/node_modules_next_dist_1e8vcs8._.js:776
[  878879ms] [LOG] %c[Vercel Web Analytics]%c Running queued event color: rgb(120, 120, 120) color: inherit pageview {route: /privacy, path: /privacy} @ http://localhost:3000/_next/static/chunks/node_modules_next_dist_1e8vcs8._.js:776
[  878879ms] [LOG] %c[Vercel Web Analytics]%c Running queued event color: rgb(120, 120, 120) color: inherit pageview {route: /privacy, path: /privacy} @ http://localhost:3000/_next/static/chunks/node_modules_next_dist_1e8vcs8._.js:776
[  878879ms] [LOG] %c[Vercel Web Analytics]%c [view] http://localhost:3000/privacy color: rgb(120, 120, 120) color: inherit {o: http://localhost:3000/privacy, sv: 0.1.3, sdkn: @vercel/analytics/next, sdkv: 2.0.1, ts: 1791207917839} /_vercel/insights/view @ http://localhost:3000/_next/static/chunks/node_modules_next_dist_1e8vcs8._.js:776
[  878879ms] [LOG] %c[Vercel Web Analytics]%c [view] http://localhost:3000/privacy color: rgb(120, 120, 120) color: inherit {o: http://localhost:3000/privacy, sv: 0.1.3, sdkn: @vercel/analytics/next, sdkv: 2.0.1, ts: 1791207917840} /_vercel/insights/view @ http://localhost:3000/_next/static/chunks/node_modules_next_dist_1e8vcs8._.js:776
[  878879ms] [LOG] %c[Vercel Speed Insights]%c Debug mode is enabled by default in development. No requests will be sent to the server. color: rgb(120, 120, 120) color: inherit @ http://localhost:3000/_next/static/chunks/node_modules_next_dist_1e8vcs8._.js:776
[  880221ms] [INFO] %cDownload the React DevTools for a better development experience: https://react.dev/link/react-devtools font-weight:bold @ http://localhost:3000/_next/static/chunks/node_modules_next_dist_1e8vcs8._.js:776
[  880234ms] [LOG] [HMR] connected @ http://localhost:3000/_next/static/chunks/node_modules_next_dist_1e8vcs8._.js:776
[  880282ms] [LOG] %c[Vercel Web Analytics]%c Debug mode is enabled by default in development. No requests will be sent to the server. color: rgb(120, 120, 120) color: inherit @ http://localhost:3000/_next/static/chunks/node_modules_next_dist_1e8vcs8._.js:776
[  880282ms] [LOG] %c[Vercel Web Analytics]%c Running queued event color: rgb(120, 120, 120) color: inherit pageview {route: /, path: /} @ http://localhost:3000/_next/static/chunks/node_modules_next_dist_1e8vcs8._.js:776
[  880282ms] [LOG] %c[Vercel Web Analytics]%c Running queued event color: rgb(120, 120, 120) color: inherit pageview {route: /, path: /} @ http://localhost:3000/_next/static/chunks/node_modules_next_dist_1e8vcs8._.js:776
[  880282ms] [LOG] %c[Vercel Web Analytics]%c [view] http://localhost:3000/ color: rgb(120, 120, 120) color: inherit {o: http://localhost:3000/, sv: 0.1.3, sdkn: @vercel/analytics/next, sdkv: 2.0.1, ts: 1791207919243} /_vercel/insights/view @ http://localhost:3000/_next/static/chunks/node_modules_next_dist_1e8vcs8._.js:776
[  880282ms] [LOG] %c[Vercel Web Analytics]%c [view] http://localhost:3000/ color: rgb(120, 120, 120) color: inherit {o: http://localhost:3000/, sv: 0.1.3, sdkn: @vercel/analytics/next, sdkv: 2.0.1, ts: 1791207919243} /_vercel/insights/view @ http://localhost:3000/_next/static/chunks/node_modules_next_dist_1e8vcs8._.js:776
[  880282ms] [LOG] %c[Vercel Speed Insights]%c Debug mode is enabled by default in development. No requests will be sent to the server. color: rgb(120, 120, 120) color: inherit @ http://localhost:3000/_next/static/chunks/node_modules_next_dist_1e8vcs8._.js:776
[  881467ms] [INFO] %cDownload the React DevTools for a better development experience: https://react.dev/link/react-devtools font-weight:bold @ http://localhost:3000/_next/static/chunks/node_modules_next_dist_1e8vcs8._.js:776
[  881478ms] [LOG] [HMR] connected @ http://localhost:3000/_next/static/chunks/node_modules_next_dist_1e8vcs8._.js:776
[  881512ms] [LOG] %c[Vercel Web Analytics]%c Debug mode is enabled by default in development. No requests will be sent to the server. color: rgb(120, 120, 120) color: inherit @ http://localhost:3000/_next/static/chunks/node_modules_next_dist_1e8vcs8._.js:776
[  881512ms] [LOG] %c[Vercel Web Analytics]%c Running queued event color: rgb(120, 120, 120) color: inherit pageview {route: /contact, path: /contact} @ http://localhost:3000/_next/static/chunks/node_modules_next_dist_1e8vcs8._.js:776
[  881512ms] [LOG] %c[Vercel Web Analytics]%c Running queued event color: rgb(120, 120, 120) color: inherit pageview {route: /contact, path: /contact} @ http://localhost:3000/_next/static/chunks/node_modules_next_dist_1e8vcs8._.js:776
[  881513ms] [LOG] %c[Vercel Web Analytics]%c [view] http://localhost:3000/contact color: rgb(120, 120, 120) color: inherit {o: http://localhost:3000/contact, sv: 0.1.3, sdkn: @vercel/analytics/next, sdkv: 2.0.1, ts: 1791207920473} /_vercel/insights/view @ http://localhost:3000/_next/static/chunks/node_modules_next_dist_1e8vcs8._.js:776
[  881513ms] [LOG] %c[Vercel Web Analytics]%c [view] http://localhost:3000/contact color: rgb(120, 120, 120) color: inherit {o: http://localhost:3000/contact, sv: 0.1.3, sdkn: @vercel/analytics/next, sdkv: 2.0.1, ts: 1791207920473} /_vercel/insights/view @ http://localhost:3000/_next/static/chunks/node_modules_next_dist_1e8vcs8._.js:776
[  881513ms] [LOG] %c[Vercel Speed Insights]%c Debug mode is enabled by default in development. No requests will be sent to the server. color: rgb(120, 120, 120) color: inherit @ http://localhost:3000/_next/static/chunks/node_modules_next_dist_1e8vcs8._.js:776
[  882602ms] [INFO] %cDownload the React DevTools for a better development experience: https://react.dev/link/react-devtools font-weight:bold @ http://localhost:3000/_next/static/chunks/node_modules_next_dist_1e8vcs8._.js:776
[  882614ms] [LOG] [HMR] connected @ http://localhost:3000/_next/static/chunks/node_modules_next_dist_1e8vcs8._.js:776
[  882645ms] [LOG] %c[Vercel Web Analytics]%c Debug mode is enabled by default in development. No requests will be sent to the server. color: rgb(120, 120, 120) color: inherit @ http://localhost:3000/_next/static/chunks/node_modules_next_dist_1e8vcs8._.js:776
[  882645ms] [LOG] %c[Vercel Web Analytics]%c Running queued event color: rgb(120, 120, 120) color: inherit pageview {route: /work/[slug], path: /work/bookcargo} @ http://localhost:3000/_next/static/chunks/node_modules_next_dist_1e8vcs8._.js:776
[  882645ms] [LOG] %c[Vercel Web Analytics]%c Running queued event color: rgb(120, 120, 120) color: inherit pageview {route: /work/[slug], path: /work/bookcargo} @ http://localhost:3000/_next/static/chunks/node_modules_next_dist_1e8vcs8._.js:776
[  882646ms] [LOG] %c[Vercel Web Analytics]%c [view] http://localhost:3000/work/bookcargo color: rgb(120, 120, 120) color: inherit {o: http://localhost:3000/work/bookcargo, sv: 0.1.3, sdkn: @vercel/analytics/next, sdkv: 2.0.1, ts: 1791207921606} /_vercel/insights/view @ http://localhost:3000/_next/static/chunks/node_modules_next_dist_1e8vcs8._.js:776
[  882646ms] [LOG] %c[Vercel Web Analytics]%c [view] http://localhost:3000/work/bookcargo color: rgb(120, 120, 120) color: inherit {o: http://localhost:3000/work/bookcargo, sv: 0.1.3, sdkn: @vercel/analytics/next, sdkv: 2.0.1, ts: 1791207921606} /_vercel/insights/view @ http://localhost:3000/_next/static/chunks/node_modules_next_dist_1e8vcs8._.js:776
[  882646ms] [LOG] %c[Vercel Speed Insights]%c Debug mode is enabled by default in development. No requests will be sent to the server. color: rgb(120, 120, 120) color: inherit @ http://localhost:3000/_next/static/chunks/node_modules_next_dist_1e8vcs8._.js:776
[ 1237493ms] [INFO] %cDownload the React DevTools for a better development experience: https://react.dev/link/react-devtools font-weight:bold @ http://localhost:3000/_next/static/chunks/node_modules_next_dist_1e8vcs8._.js:776
[ 1237527ms] [LOG] [HMR] connected @ http://localhost:3000/_next/static/chunks/node_modules_next_dist_1e8vcs8._.js:776
[ 1237602ms] [LOG] %c[Vercel Web Analytics]%c Debug mode is enabled by default in development. No requests will be sent to the server. color: rgb(120, 120, 120) color: inherit @ http://localhost:3000/_next/static/chunks/node_modules_next_dist_1e8vcs8._.js:776
[ 1237602ms] [LOG] %c[Vercel Web Analytics]%c Running queued event color: rgb(120, 120, 120) color: inherit pageview {route: /, path: /} @ http://localhost:3000/_next/static/chunks/node_modules_next_dist_1e8vcs8._.js:776
[ 1237603ms] [LOG] %c[Vercel Web Analytics]%c Running queued event color: rgb(120, 120, 120) color: inherit pageview {route: /, path: /} @ http://localhost:3000/_next/static/chunks/node_modules_next_dist_1e8vcs8._.js:776
[ 1237603ms] [LOG] %c[Vercel Web Analytics]%c [view] http://localhost:3000/ color: rgb(120, 120, 120) color: inherit {o: http://localhost:3000/, sv: 0.1.3, sdkn: @vercel/analytics/next, sdkv: 2.0.1, ts: 1791208276564} /_vercel/insights/view @ http://localhost:3000/_next/static/chunks/node_modules_next_dist_1e8vcs8._.js:776
[ 1237603ms] [LOG] %c[Vercel Web Analytics]%c [view] http://localhost:3000/ color: rgb(120, 120, 120) color: inherit {o: http://localhost:3000/, sv: 0.1.3, sdkn: @vercel/analytics/next, sdkv: 2.0.1, ts: 1791208276564} /_vercel/insights/view @ http://localhost:3000/_next/static/chunks/node_modules_next_dist_1e8vcs8._.js:776
[ 1237603ms] [LOG] %c[Vercel Speed Insights]%c Debug mode is enabled by default in development. No requests will be sent to the server. color: rgb(120, 120, 120) color: inherit @ http://localhost:3000/_next/static/chunks/node_modules_next_dist_1e8vcs8._.js:776
[ 1238230ms] [INFO] %cDownload the React DevTools for a better development experience: https://react.dev/link/react-devtools font-weight:bold @ http://localhost:3000/_next/static/chunks/node_modules_next_dist_1e8vcs8._.js:776
[ 1238241ms] [LOG] [HMR] connected @ http://localhost:3000/_next/static/chunks/node_modules_next_dist_1e8vcs8._.js:776
[ 1238284ms] [LOG] %c[Vercel Web Analytics]%c Debug mode is enabled by default in development. No requests will be sent to the server. color: rgb(120, 120, 120) color: inherit @ http://localhost:3000/_next/static/chunks/node_modules_next_dist_1e8vcs8._.js:776
[ 1238284ms] [LOG] %c[Vercel Web Analytics]%c Running queued event color: rgb(120, 120, 120) color: inherit pageview {route: /services, path: /services} @ http://localhost:3000/_next/static/chunks/node_modules_next_dist_1e8vcs8._.js:776
[ 1238284ms] [LOG] %c[Vercel Web Analytics]%c Running queued event color: rgb(120, 120, 120) color: inherit pageview {route: /services, path: /services} @ http://localhost:3000/_next/static/chunks/node_modules_next_dist_1e8vcs8._.js:776
[ 1238284ms] [LOG] %c[Vercel Web Analytics]%c [view] http://localhost:3000/services color: rgb(120, 120, 120) color: inherit {o: http://localhost:3000/services, sv: 0.1.3, sdkn: @vercel/analytics/next, sdkv: 2.0.1, ts: 1791208277245} /_vercel/insights/view @ http://localhost:3000/_next/static/chunks/node_modules_next_dist_1e8vcs8._.js:776
[ 1238284ms] [LOG] %c[Vercel Web Analytics]%c [view] http://localhost:3000/services color: rgb(120, 120, 120) color: inherit {o: http://localhost:3000/services, sv: 0.1.3, sdkn: @vercel/analytics/next, sdkv: 2.0.1, ts: 1791208277245} /_vercel/insights/view @ http://localhost:3000/_next/static/chunks/node_modules_next_dist_1e8vcs8._.js:776
[ 1238285ms] [LOG] %c[Vercel Speed Insights]%c Debug mode is enabled by default in development. No requests will be sent to the server. color: rgb(120, 120, 120) color: inherit @ http://localhost:3000/_next/static/chunks/node_modules_next_dist_1e8vcs8._.js:776
[ 1238894ms] [INFO] %cDownload the React DevTools for a better development experience: https://react.dev/link/react-devtools font-weight:bold @ http://localhost:3000/_next/static/chunks/node_modules_next_dist_1e8vcs8._.js:776
[ 1238903ms] [LOG] [HMR] connected @ http://localhost:3000/_next/static/chunks/node_modules_next_dist_1e8vcs8._.js:776
[ 1238947ms] [LOG] %c[Vercel Web Analytics]%c Debug mode is enabled by default in development. No requests will be sent to the server. color: rgb(120, 120, 120) color: inherit @ http://localhost:3000/_next/static/chunks/node_modules_next_dist_1e8vcs8._.js:776
[ 1238948ms] [LOG] %c[Vercel Web Analytics]%c Running queued event color: rgb(120, 120, 120) color: inherit pageview {route: /solutions, path: /solutions} @ http://localhost:3000/_next/static/chunks/node_modules_next_dist_1e8vcs8._.js:776
[ 1238948ms] [LOG] %c[Vercel Web Analytics]%c Running queued event color: rgb(120, 120, 120) color: inherit pageview {route: /solutions, path: /solutions} @ http://localhost:3000/_next/static/chunks/node_modules_next_dist_1e8vcs8._.js:776
[ 1238948ms] [LOG] %c[Vercel Web Analytics]%c [view] http://localhost:3000/solutions color: rgb(120, 120, 120) color: inherit {o: http://localhost:3000/solutions, sv: 0.1.3, sdkn: @vercel/analytics/next, sdkv: 2.0.1, ts: 1791208277908} /_vercel/insights/view @ http://localhost:3000/_next/static/chunks/node_modules_next_dist_1e8vcs8._.js:776
[ 1238948ms] [LOG] %c[Vercel Web Analytics]%c [view] http://localhost:3000/solutions color: rgb(120, 120, 120) color: inherit {o: http://localhost:3000/solutions, sv: 0.1.3, sdkn: @vercel/analytics/next, sdkv: 2.0.1, ts: 1791208277908} /_vercel/insights/view @ http://localhost:3000/_next/static/chunks/node_modules_next_dist_1e8vcs8._.js:776
[ 1238948ms] [LOG] %c[Vercel Speed Insights]%c Debug mode is enabled by default in development. No requests will be sent to the server. color: rgb(120, 120, 120) color: inherit @ http://localhost:3000/_next/static/chunks/node_modules_next_dist_1e8vcs8._.js:776
[ 1239537ms] [INFO] %cDownload the React DevTools for a better development experience: https://react.dev/link/react-devtools font-weight:bold @ http://localhost:3000/_next/static/chunks/node_modules_next_dist_1e8vcs8._.js:776
[ 1239547ms] [LOG] [HMR] connected @ http://localhost:3000/_next/static/chunks/node_modules_next_dist_1e8vcs8._.js:776
[ 1239583ms] [LOG] %c[Vercel Web Analytics]%c Debug mode is enabled by default in development. No requests will be sent to the server. color: rgb(120, 120, 120) color: inherit @ http://localhost:3000/_next/static/chunks/node_modules_next_dist_1e8vcs8._.js:776
[ 1239583ms] [LOG] %c[Vercel Web Analytics]%c Running queued event color: rgb(120, 120, 120) color: inherit pageview {route: /work, path: /work} @ http://localhost:3000/_next/static/chunks/node_modules_next_dist_1e8vcs8._.js:776
[ 1239583ms] [LOG] %c[Vercel Web Analytics]%c Running queued event color: rgb(120, 120, 120) color: inherit pageview {route: /work, path: /work} @ http://localhost:3000/_next/static/chunks/node_modules_next_dist_1e8vcs8._.js:776
[ 1239583ms] [LOG] %c[Vercel Web Analytics]%c [view] http://localhost:3000/work color: rgb(120, 120, 120) color: inherit {o: http://localhost:3000/work, sv: 0.1.3, sdkn: @vercel/analytics/next, sdkv: 2.0.1, ts: 1791208278544} /_vercel/insights/view @ http://localhost:3000/_next/static/chunks/node_modules_next_dist_1e8vcs8._.js:776
[ 1239584ms] [LOG] %c[Vercel Web Analytics]%c [view] http://localhost:3000/work color: rgb(120, 120, 120) color: inherit {o: http://localhost:3000/work, sv: 0.1.3, sdkn: @vercel/analytics/next, sdkv: 2.0.1, ts: 1791208278544} /_vercel/insights/view @ http://localhost:3000/_next/static/chunks/node_modules_next_dist_1e8vcs8._.js:776
[ 1239584ms] [LOG] %c[Vercel Speed Insights]%c Debug mode is enabled by default in development. No requests will be sent to the server. color: rgb(120, 120, 120) color: inherit @ http://localhost:3000/_next/static/chunks/node_modules_next_dist_1e8vcs8._.js:776
[ 1240172ms] [INFO] %cDownload the React DevTools for a better development experience: https://react.dev/link/react-devtools font-weight:bold @ http://localhost:3000/_next/static/chunks/node_modules_next_dist_1e8vcs8._.js:776
[ 1240182ms] [LOG] [HMR] connected @ http://localhost:3000/_next/static/chunks/node_modules_next_dist_1e8vcs8._.js:776
[ 1240227ms] [LOG] %c[Vercel Web Analytics]%c Debug mode is enabled by default in development. No requests will be sent to the server. color: rgb(120, 120, 120) color: inherit @ http://localhost:3000/_next/static/chunks/node_modules_next_dist_1e8vcs8._.js:776
[ 1240227ms] [LOG] %c[Vercel Web Analytics]%c Running queued event color: rgb(120, 120, 120) color: inherit pageview {route: /work/[slug], path: /work/bookcargo} @ http://localhost:3000/_next/static/chunks/node_modules_next_dist_1e8vcs8._.js:776
[ 1240227ms] [LOG] %c[Vercel Web Analytics]%c Running queued event color: rgb(120, 120, 120) color: inherit pageview {route: /work/[slug], path: /work/bookcargo} @ http://localhost:3000/_next/static/chunks/node_modules_next_dist_1e8vcs8._.js:776
[ 1240227ms] [LOG] %c[Vercel Web Analytics]%c [view] http://localhost:3000/work/bookcargo color: rgb(120, 120, 120) color: inherit {o: http://localhost:3000/work/bookcargo, sv: 0.1.3, sdkn: @vercel/analytics/next, sdkv: 2.0.1, ts: 1791208279188} /_vercel/insights/view @ http://localhost:3000/_next/static/chunks/node_modules_next_dist_1e8vcs8._.js:776
[ 1240227ms] [LOG] %c[Vercel Web Analytics]%c [view] http://localhost:3000/work/bookcargo color: rgb(120, 120, 120) color: inherit {o: http://localhost:3000/work/bookcargo, sv: 0.1.3, sdkn: @vercel/analytics/next, sdkv: 2.0.1, ts: 1791208279188} /_vercel/insights/view @ http://localhost:3000/_next/static/chunks/node_modules_next_dist_1e8vcs8._.js:776
[ 1240228ms] [LOG] %c[Vercel Speed Insights]%c Debug mode is enabled by default in development. No requests will be sent to the server. color: rgb(120, 120, 120) color: inherit @ http://localhost:3000/_next/static/chunks/node_modules_next_dist_1e8vcs8._.js:776
[ 1240845ms] [INFO] %cDownload the React DevTools for a better development experience: https://react.dev/link/react-devtools font-weight:bold @ http://localhost:3000/_next/static/chunks/node_modules_next_dist_1e8vcs8._.js:776
[ 1240856ms] [LOG] [HMR] connected @ http://localhost:3000/_next/static/chunks/node_modules_next_dist_1e8vcs8._.js:776
[ 1240889ms] [LOG] %c[Vercel Web Analytics]%c Debug mode is enabled by default in development. No requests will be sent to the server. color: rgb(120, 120, 120) color: inherit @ http://localhost:3000/_next/static/chunks/node_modules_next_dist_1e8vcs8._.js:776
[ 1240889ms] [LOG] %c[Vercel Web Analytics]%c Running queued event color: rgb(120, 120, 120) color: inherit pageview {route: /work/[slug], path: /work/dealerwerx} @ http://localhost:3000/_next/static/chunks/node_modules_next_dist_1e8vcs8._.js:776
[ 1240890ms] [LOG] %c[Vercel Web Analytics]%c Running queued event color: rgb(120, 120, 120) color: inherit pageview {route: /work/[slug], path: /work/dealerwerx} @ http://localhost:3000/_next/static/chunks/node_modules_next_dist_1e8vcs8._.js:776
[ 1240890ms] [LOG] %c[Vercel Web Analytics]%c [view] http://localhost:3000/work/dealerwerx color: rgb(120, 120, 120) color: inherit {o: http://localhost:3000/work/dealerwerx, sv: 0.1.3, sdkn: @vercel/analytics/next, sdkv: 2.0.1, ts: 1791208279850} /_vercel/insights/view @ http://localhost:3000/_next/static/chunks/node_modules_next_dist_1e8vcs8._.js:776
[ 1240890ms] [LOG] %c[Vercel Web Analytics]%c [view] http://localhost:3000/work/dealerwerx color: rgb(120, 120, 120) color: inherit {o: http://localhost:3000/work/dealerwerx, sv: 0.1.3, sdkn: @vercel/analytics/next, sdkv: 2.0.1, ts: 1791208279850} /_vercel/insights/view @ http://localhost:3000/_next/static/chunks/node_modules_next_dist_1e8vcs8._.js:776
[ 1240890ms] [LOG] %c[Vercel Speed Insights]%c Debug mode is enabled by default in development. No requests will be sent to the server. color: rgb(120, 120, 120) color: inherit @ http://localhost:3000/_next/static/chunks/node_modules_next_dist_1e8vcs8._.js:776
[ 1241480ms] [INFO] %cDownload the React DevTools for a better development experience: https://react.dev/link/react-devtools font-weight:bold @ http://localhost:3000/_next/static/chunks/node_modules_next_dist_1e8vcs8._.js:776
[ 1241489ms] [LOG] [HMR] connected @ http://localhost:3000/_next/static/chunks/node_modules_next_dist_1e8vcs8._.js:776
[ 1241532ms] [LOG] %c[Vercel Web Analytics]%c Debug mode is enabled by default in development. No requests will be sent to the server. color: rgb(120, 120, 120) color: inherit @ http://localhost:3000/_next/static/chunks/node_modules_next_dist_1e8vcs8._.js:776
[ 1241532ms] [LOG] %c[Vercel Web Analytics]%c Running queued event color: rgb(120, 120, 120) color: inherit pageview {route: /work/[slug], path: /work/myo} @ http://localhost:3000/_next/static/chunks/node_modules_next_dist_1e8vcs8._.js:776
[ 1241532ms] [LOG] %c[Vercel Web Analytics]%c Running queued event color: rgb(120, 120, 120) color: inherit pageview {route: /work/[slug], path: /work/myo} @ http://localhost:3000/_next/static/chunks/node_modules_next_dist_1e8vcs8._.js:776
[ 1241532ms] [LOG] %c[Vercel Web Analytics]%c [view] http://localhost:3000/work/myo color: rgb(120, 120, 120) color: inherit {o: http://localhost:3000/work/myo, sv: 0.1.3, sdkn: @vercel/analytics/next, sdkv: 2.0.1, ts: 1791208280492} /_vercel/insights/view @ http://localhost:3000/_next/static/chunks/node_modules_next_dist_1e8vcs8._.js:776
[ 1241532ms] [LOG] %c[Vercel Web Analytics]%c [view] http://localhost:3000/work/myo color: rgb(120, 120, 120) color: inherit {o: http://localhost:3000/work/myo, sv: 0.1.3, sdkn: @vercel/analytics/next, sdkv: 2.0.1, ts: 1791208280493} /_vercel/insights/view @ http://localhost:3000/_next/static/chunks/node_modules_next_dist_1e8vcs8._.js:776
[ 1241532ms] [LOG] %c[Vercel Speed Insights]%c Debug mode is enabled by default in development. No requests will be sent to the server. color: rgb(120, 120, 120) color: inherit @ http://localhost:3000/_next/static/chunks/node_modules_next_dist_1e8vcs8._.js:776
[ 1242134ms] [INFO] %cDownload the React DevTools for a better development experience: https://react.dev/link/react-devtools font-weight:bold @ http://localhost:3000/_next/static/chunks/node_modules_next_dist_1e8vcs8._.js:776
[ 1242143ms] [LOG] [HMR] connected @ http://localhost:3000/_next/static/chunks/node_modules_next_dist_1e8vcs8._.js:776
[ 1242183ms] [LOG] %c[Vercel Web Analytics]%c Debug mode is enabled by default in development. No requests will be sent to the server. color: rgb(120, 120, 120) color: inherit @ http://localhost:3000/_next/static/chunks/node_modules_next_dist_1e8vcs8._.js:776
[ 1242183ms] [LOG] %c[Vercel Web Analytics]%c Running queued event color: rgb(120, 120, 120) color: inherit pageview {route: /about, path: /about} @ http://localhost:3000/_next/static/chunks/node_modules_next_dist_1e8vcs8._.js:776
[ 1242183ms] [LOG] %c[Vercel Web Analytics]%c Running queued event color: rgb(120, 120, 120) color: inherit pageview {route: /about, path: /about} @ http://localhost:3000/_next/static/chunks/node_modules_next_dist_1e8vcs8._.js:776
[ 1242183ms] [LOG] %c[Vercel Web Analytics]%c [view] http://localhost:3000/about color: rgb(120, 120, 120) color: inherit {o: http://localhost:3000/about, sv: 0.1.3, sdkn: @vercel/analytics/next, sdkv: 2.0.1, ts: 1791208281143} /_vercel/insights/view @ http://localhost:3000/_next/static/chunks/node_modules_next_dist_1e8vcs8._.js:776
[ 1242183ms] [LOG] %c[Vercel Web Analytics]%c [view] http://localhost:3000/about color: rgb(120, 120, 120) color: inherit {o: http://localhost:3000/about, sv: 0.1.3, sdkn: @vercel/analytics/next, sdkv: 2.0.1, ts: 1791208281143} /_vercel/insights/view @ http://localhost:3000/_next/static/chunks/node_modules_next_dist_1e8vcs8._.js:776
[ 1242183ms] [LOG] %c[Vercel Speed Insights]%c Debug mode is enabled by default in development. No requests will be sent to the server. color: rgb(120, 120, 120) color: inherit @ http://localhost:3000/_next/static/chunks/node_modules_next_dist_1e8vcs8._.js:776
[ 1242768ms] [INFO] %cDownload the React DevTools for a better development experience: https://react.dev/link/react-devtools font-weight:bold @ http://localhost:3000/_next/static/chunks/node_modules_next_dist_1e8vcs8._.js:776
[ 1242780ms] [LOG] [HMR] connected @ http://localhost:3000/_next/static/chunks/node_modules_next_dist_1e8vcs8._.js:776
[ 1242819ms] [LOG] %c[Vercel Web Analytics]%c Debug mode is enabled by default in development. No requests will be sent to the server. color: rgb(120, 120, 120) color: inherit @ http://localhost:3000/_next/static/chunks/node_modules_next_dist_1e8vcs8._.js:776
[ 1242819ms] [LOG] %c[Vercel Web Analytics]%c Running queued event color: rgb(120, 120, 120) color: inherit pageview {route: /contact, path: /contact} @ http://localhost:3000/_next/static/chunks/node_modules_next_dist_1e8vcs8._.js:776
[ 1242819ms] [LOG] %c[Vercel Web Analytics]%c Running queued event color: rgb(120, 120, 120) color: inherit pageview {route: /contact, path: /contact} @ http://localhost:3000/_next/static/chunks/node_modules_next_dist_1e8vcs8._.js:776
[ 1242819ms] [LOG] %c[Vercel Web Analytics]%c [view] http://localhost:3000/contact color: rgb(120, 120, 120) color: inherit {o: http://localhost:3000/contact, sv: 0.1.3, sdkn: @vercel/analytics/next, sdkv: 2.0.1, ts: 1791208281780} /_vercel/insights/view @ http://localhost:3000/_next/static/chunks/node_modules_next_dist_1e8vcs8._.js:776
[ 1242819ms] [LOG] %c[Vercel Web Analytics]%c [view] http://localhost:3000/contact color: rgb(120, 120, 120) color: inherit {o: http://localhost:3000/contact, sv: 0.1.3, sdkn: @vercel/analytics/next, sdkv: 2.0.1, ts: 1791208281780} /_vercel/insights/view @ http://localhost:3000/_next/static/chunks/node_modules_next_dist_1e8vcs8._.js:776
[ 1242820ms] [LOG] %c[Vercel Speed Insights]%c Debug mode is enabled by default in development. No requests will be sent to the server. color: rgb(120, 120, 120) color: inherit @ http://localhost:3000/_next/static/chunks/node_modules_next_dist_1e8vcs8._.js:776
[ 1243404ms] [INFO] %cDownload the React DevTools for a better development experience: https://react.dev/link/react-devtools font-weight:bold @ http://localhost:3000/_next/static/chunks/node_modules_next_dist_1e8vcs8._.js:776
[ 1243414ms] [LOG] [HMR] connected @ http://localhost:3000/_next/static/chunks/node_modules_next_dist_1e8vcs8._.js:776
[ 1243463ms] [LOG] %c[Vercel Web Analytics]%c Debug mode is enabled by default in development. No requests will be sent to the server. color: rgb(120, 120, 120) color: inherit @ http://localhost:3000/_next/static/chunks/node_modules_next_dist_1e8vcs8._.js:776
[ 1243463ms] [LOG] %c[Vercel Web Analytics]%c Running queued event color: rgb(120, 120, 120) color: inherit pageview {route: /privacy, path: /privacy} @ http://localhost:3000/_next/static/chunks/node_modules_next_dist_1e8vcs8._.js:776
[ 1243463ms] [LOG] %c[Vercel Web Analytics]%c Running queued event color: rgb(120, 120, 120) color: inherit pageview {route: /privacy, path: /privacy} @ http://localhost:3000/_next/static/chunks/node_modules_next_dist_1e8vcs8._.js:776
[ 1243463ms] [LOG] %c[Vercel Web Analytics]%c [view] http://localhost:3000/privacy color: rgb(120, 120, 120) color: inherit {o: http://localhost:3000/privacy, sv: 0.1.3, sdkn: @vercel/analytics/next, sdkv: 2.0.1, ts: 1791208282423} /_vercel/insights/view @ http://localhost:3000/_next/static/chunks/node_modules_next_dist_1e8vcs8._.js:776
[ 1243463ms] [LOG] %c[Vercel Web Analytics]%c [view] http://localhost:3000/privacy color: rgb(120, 120, 120) color: inherit {o: http://localhost:3000/privacy, sv: 0.1.3, sdkn: @vercel/analytics/next, sdkv: 2.0.1, ts: 1791208282423} /_vercel/insights/view @ http://localhost:3000/_next/static/chunks/node_modules_next_dist_1e8vcs8._.js:776
[ 1243463ms] [LOG] %c[Vercel Speed Insights]%c Debug mode is enabled by default in development. No requests will be sent to the server. color: rgb(120, 120, 120) color: inherit @ http://localhost:3000/_next/static/chunks/node_modules_next_dist_1e8vcs8._.js:776
[ 1244085ms] [INFO] %cDownload the React DevTools for a better development experience: https://react.dev/link/react-devtools font-weight:bold @ http://localhost:3000/_next/static/chunks/node_modules_next_dist_1e8vcs8._.js:776
[ 1244094ms] [LOG] [HMR] connected @ http://localhost:3000/_next/static/chunks/node_modules_next_dist_1e8vcs8._.js:776
[ 1244130ms] [LOG] %c[Vercel Web Analytics]%c Debug mode is enabled by default in development. No requests will be sent to the server. color: rgb(120, 120, 120) color: inherit @ http://localhost:3000/_next/static/chunks/node_modules_next_dist_1e8vcs8._.js:776
[ 1244130ms] [LOG] %c[Vercel Web Analytics]%c Running queued event color: rgb(120, 120, 120) color: inherit pageview {route: /terms, path: /terms} @ http://localhost:3000/_next/static/chunks/node_modules_next_dist_1e8vcs8._.js:776
[ 1244130ms] [LOG] %c[Vercel Web Analytics]%c Running queued event color: rgb(120, 120, 120) color: inherit pageview {route: /terms, path: /terms} @ http://localhost:3000/_next/static/chunks/node_modules_next_dist_1e8vcs8._.js:776
[ 1244130ms] [LOG] %c[Vercel Web Analytics]%c [view] http://localhost:3000/terms color: rgb(120, 120, 120) color: inherit {o: http://localhost:3000/terms, sv: 0.1.3, sdkn: @vercel/analytics/next, sdkv: 2.0.1, ts: 1791208283090} /_vercel/insights/view @ http://localhost:3000/_next/static/chunks/node_modules_next_dist_1e8vcs8._.js:776
[ 1244130ms] [LOG] %c[Vercel Web Analytics]%c [view] http://localhost:3000/terms color: rgb(120, 120, 120) color: inherit {o: http://localhost:3000/terms, sv: 0.1.3, sdkn: @vercel/analytics/next, sdkv: 2.0.1, ts: 1791208283090} /_vercel/insights/view @ http://localhost:3000/_next/static/chunks/node_modules_next_dist_1e8vcs8._.js:776
[ 1244130ms] [LOG] %c[Vercel Speed Insights]%c Debug mode is enabled by default in development. No requests will be sent to the server. color: rgb(120, 120, 120) color: inherit @ http://localhost:3000/_next/static/chunks/node_modules_next_dist_1e8vcs8._.js:776
[ 1244688ms] [ERROR] Failed to load resource: the server responded with a status of 404 (Not Found) @ http://localhost:3000/nonexistent:0
[ 1244717ms] [INFO] %cDownload the React DevTools for a better development experience: https://react.dev/link/react-devtools font-weight:bold @ http://localhost:3000/_next/static/chunks/node_modules_next_dist_1e8vcs8._.js:776
[ 1244728ms] [LOG] [HMR] connected @ http://localhost:3000/_next/static/chunks/node_modules_next_dist_1e8vcs8._.js:776
[ 1244759ms] [LOG] %c[Vercel Web Analytics]%c Debug mode is enabled by default in development. No requests will be sent to the server. color: rgb(120, 120, 120) color: inherit @ http://localhost:3000/_next/static/chunks/node_modules_next_dist_1e8vcs8._.js:776
[ 1244759ms] [LOG] %c[Vercel Web Analytics]%c Running queued event color: rgb(120, 120, 120) color: inherit pageview {route: /nonexistent, path: /nonexistent} @ http://localhost:3000/_next/static/chunks/node_modules_next_dist_1e8vcs8._.js:776
[ 1244759ms] [LOG] %c[Vercel Web Analytics]%c Running queued event color: rgb(120, 120, 120) color: inherit pageview {route: /nonexistent, path: /nonexistent} @ http://localhost:3000/_next/static/chunks/node_modules_next_dist_1e8vcs8._.js:776
[ 1244759ms] [LOG] %c[Vercel Web Analytics]%c [view] http://localhost:3000/nonexistent color: rgb(120, 120, 120) color: inherit {o: http://localhost:3000/nonexistent, sv: 0.1.3, sdkn: @vercel/analytics/next, sdkv: 2.0.1, ts: 1791208283719} /_vercel/insights/view @ http://localhost:3000/_next/static/chunks/node_modules_next_dist_1e8vcs8._.js:776
[ 1244759ms] [LOG] %c[Vercel Web Analytics]%c [view] http://localhost:3000/nonexistent color: rgb(120, 120, 120) color: inherit {o: http://localhost:3000/nonexistent, sv: 0.1.3, sdkn: @vercel/analytics/next, sdkv: 2.0.1, ts: 1791208283719} /_vercel/insights/view @ http://localhost:3000/_next/static/chunks/node_modules_next_dist_1e8vcs8._.js:776
[ 1244759ms] [LOG] %c[Vercel Speed Insights]%c Debug mode is enabled by default in development. No requests will be sent to the server. color: rgb(120, 120, 120) color: inherit @ http://localhost:3000/_next/static/chunks/node_modules_next_dist_1e8vcs8._.js:776
[ 1245382ms] [INFO] %cDownload the React DevTools for a better development experience: https://react.dev/link/react-devtools font-weight:bold @ http://localhost:3000/_next/static/chunks/node_modules_next_dist_1e8vcs8._.js:776
[ 1245399ms] [LOG] [HMR] connected @ http://localhost:3000/_next/static/chunks/node_modules_next_dist_1e8vcs8._.js:776
[ 1245447ms] [LOG] %c[Vercel Web Analytics]%c Debug mode is enabled by default in development. No requests will be sent to the server. color: rgb(120, 120, 120) color: inherit @ http://localhost:3000/_next/static/chunks/node_modules_next_dist_1e8vcs8._.js:776
[ 1245447ms] [LOG] %c[Vercel Web Analytics]%c Running queued event color: rgb(120, 120, 120) color: inherit pageview {route: /, path: /} @ http://localhost:3000/_next/static/chunks/node_modules_next_dist_1e8vcs8._.js:776
[ 1245447ms] [LOG] %c[Vercel Web Analytics]%c Running queued event color: rgb(120, 120, 120) color: inherit pageview {route: /, path: /} @ http://localhost:3000/_next/static/chunks/node_modules_next_dist_1e8vcs8._.js:776
[ 1245447ms] [LOG] %c[Vercel Web Analytics]%c [view] http://localhost:3000/ color: rgb(120, 120, 120) color: inherit {o: http://localhost:3000/, sv: 0.1.3, sdkn: @vercel/analytics/next, sdkv: 2.0.1, ts: 1791208284408} /_vercel/insights/view @ http://localhost:3000/_next/static/chunks/node_modules_next_dist_1e8vcs8._.js:776
[ 1245448ms] [LOG] %c[Vercel Web Analytics]%c [view] http://localhost:3000/ color: rgb(120, 120, 120) color: inherit {o: http://localhost:3000/, sv: 0.1.3, sdkn: @vercel/analytics/next, sdkv: 2.0.1, ts: 1791208284408} /_vercel/insights/view @ http://localhost:3000/_next/static/chunks/node_modules_next_dist_1e8vcs8._.js:776
[ 1245448ms] [LOG] %c[Vercel Speed Insights]%c Debug mode is enabled by default in development. No requests will be sent to the server. color: rgb(120, 120, 120) color: inherit @ http://localhost:3000/_next/static/chunks/node_modules_next_dist_1e8vcs8._.js:776
[ 1246030ms] [INFO] %cDownload the React DevTools for a better development experience: https://react.dev/link/react-devtools font-weight:bold @ http://localhost:3000/_next/static/chunks/node_modules_next_dist_1e8vcs8._.js:776
[ 1246039ms] [LOG] [HMR] connected @ http://localhost:3000/_next/static/chunks/node_modules_next_dist_1e8vcs8._.js:776
[ 1246083ms] [LOG] %c[Vercel Web Analytics]%c Debug mode is enabled by default in development. No requests will be sent to the server. color: rgb(120, 120, 120) color: inherit @ http://localhost:3000/_next/static/chunks/node_modules_next_dist_1e8vcs8._.js:776
[ 1246083ms] [LOG] %c[Vercel Web Analytics]%c Running queued event color: rgb(120, 120, 120) color: inherit pageview {route: /services, path: /services} @ http://localhost:3000/_next/static/chunks/node_modules_next_dist_1e8vcs8._.js:776
[ 1246083ms] [LOG] %c[Vercel Web Analytics]%c Running queued event color: rgb(120, 120, 120) color: inherit pageview {route: /services, path: /services} @ http://localhost:3000/_next/static/chunks/node_modules_next_dist_1e8vcs8._.js:776
[ 1246083ms] [LOG] %c[Vercel Web Analytics]%c [view] http://localhost:3000/services color: rgb(120, 120, 120) color: inherit {o: http://localhost:3000/services, sv: 0.1.3, sdkn: @vercel/analytics/next, sdkv: 2.0.1, ts: 1791208285043} /_vercel/insights/view @ http://localhost:3000/_next/static/chunks/node_modules_next_dist_1e8vcs8._.js:776
[ 1246083ms] [LOG] %c[Vercel Web Analytics]%c [view] http://localhost:3000/services color: rgb(120, 120, 120) color: inherit {o: http://localhost:3000/services, sv: 0.1.3, sdkn: @vercel/analytics/next, sdkv: 2.0.1, ts: 1791208285044} /_vercel/insights/view @ http://localhost:3000/_next/static/chunks/node_modules_next_dist_1e8vcs8._.js:776
[ 1246083ms] [LOG] %c[Vercel Speed Insights]%c Debug mode is enabled by default in development. No requests will be sent to the server. color: rgb(120, 120, 120) color: inherit @ http://localhost:3000/_next/static/chunks/node_modules_next_dist_1e8vcs8._.js:776
[ 1246661ms] [INFO] %cDownload the React DevTools for a better development experience: https://react.dev/link/react-devtools font-weight:bold @ http://localhost:3000/_next/static/chunks/node_modules_next_dist_1e8vcs8._.js:776
[ 1246670ms] [LOG] [HMR] connected @ http://localhost:3000/_next/static/chunks/node_modules_next_dist_1e8vcs8._.js:776
[ 1246710ms] [LOG] %c[Vercel Web Analytics]%c Debug mode is enabled by default in development. No requests will be sent to the server. color: rgb(120, 120, 120) color: inherit @ http://localhost:3000/_next/static/chunks/node_modules_next_dist_1e8vcs8._.js:776
[ 1246710ms] [LOG] %c[Vercel Web Analytics]%c Running queued event color: rgb(120, 120, 120) color: inherit pageview {route: /solutions, path: /solutions} @ http://localhost:3000/_next/static/chunks/node_modules_next_dist_1e8vcs8._.js:776
[ 1246710ms] [LOG] %c[Vercel Web Analytics]%c Running queued event color: rgb(120, 120, 120) color: inherit pageview {route: /solutions, path: /solutions} @ http://localhost:3000/_next/static/chunks/node_modules_next_dist_1e8vcs8._.js:776
[ 1246710ms] [LOG] %c[Vercel Web Analytics]%c [view] http://localhost:3000/solutions color: rgb(120, 120, 120) color: inherit {o: http://localhost:3000/solutions, sv: 0.1.3, sdkn: @vercel/analytics/next, sdkv: 2.0.1, ts: 1791208285671} /_vercel/insights/view @ http://localhost:3000/_next/static/chunks/node_modules_next_dist_1e8vcs8._.js:776
[ 1246710ms] [LOG] %c[Vercel Web Analytics]%c [view] http://localhost:3000/solutions color: rgb(120, 120, 120) color: inherit {o: http://localhost:3000/solutions, sv: 0.1.3, sdkn: @vercel/analytics/next, sdkv: 2.0.1, ts: 1791208285671} /_vercel/insights/view @ http://localhost:3000/_next/static/chunks/node_modules_next_dist_1e8vcs8._.js:776
[ 1246710ms] [LOG] %c[Vercel Speed Insights]%c Debug mode is enabled by default in development. No requests will be sent to the server. color: rgb(120, 120, 120) color: inherit @ http://localhost:3000/_next/static/chunks/node_modules_next_dist_1e8vcs8._.js:776
[ 1247280ms] [INFO] %cDownload the React DevTools for a better development experience: https://react.dev/link/react-devtools font-weight:bold @ http://localhost:3000/_next/static/chunks/node_modules_next_dist_1e8vcs8._.js:776
[ 1247288ms] [LOG] [HMR] connected @ http://localhost:3000/_next/static/chunks/node_modules_next_dist_1e8vcs8._.js:776
[ 1247326ms] [LOG] %c[Vercel Web Analytics]%c Debug mode is enabled by default in development. No requests will be sent to the server. color: rgb(120, 120, 120) color: inherit @ http://localhost:3000/_next/static/chunks/node_modules_next_dist_1e8vcs8._.js:776
[ 1247326ms] [LOG] %c[Vercel Web Analytics]%c Running queued event color: rgb(120, 120, 120) color: inherit pageview {route: /work, path: /work} @ http://localhost:3000/_next/static/chunks/node_modules_next_dist_1e8vcs8._.js:776
[ 1247326ms] [LOG] %c[Vercel Web Analytics]%c Running queued event color: rgb(120, 120, 120) color: inherit pageview {route: /work, path: /work} @ http://localhost:3000/_next/static/chunks/node_modules_next_dist_1e8vcs8._.js:776
[ 1247326ms] [LOG] %c[Vercel Web Analytics]%c [view] http://localhost:3000/work color: rgb(120, 120, 120) color: inherit {o: http://localhost:3000/work, sv: 0.1.3, sdkn: @vercel/analytics/next, sdkv: 2.0.1, ts: 1791208286287} /_vercel/insights/view @ http://localhost:3000/_next/static/chunks/node_modules_next_dist_1e8vcs8._.js:776
[ 1247326ms] [LOG] %c[Vercel Web Analytics]%c [view] http://localhost:3000/work color: rgb(120, 120, 120) color: inherit {o: http://localhost:3000/work, sv: 0.1.3, sdkn: @vercel/analytics/next, sdkv: 2.0.1, ts: 1791208286287} /_vercel/insights/view @ http://localhost:3000/_next/static/chunks/node_modules_next_dist_1e8vcs8._.js:776
[ 1247327ms] [LOG] %c[Vercel Speed Insights]%c Debug mode is enabled by default in development. No requests will be sent to the server. color: rgb(120, 120, 120) color: inherit @ http://localhost:3000/_next/static/chunks/node_modules_next_dist_1e8vcs8._.js:776
[ 1247920ms] [INFO] %cDownload the React DevTools for a better development experience: https://react.dev/link/react-devtools font-weight:bold @ http://localhost:3000/_next/static/chunks/node_modules_next_dist_1e8vcs8._.js:776
[ 1247931ms] [LOG] [HMR] connected @ http://localhost:3000/_next/static/chunks/node_modules_next_dist_1e8vcs8._.js:776
[ 1247980ms] [LOG] %c[Vercel Web Analytics]%c Debug mode is enabled by default in development. No requests will be sent to the server. color: rgb(120, 120, 120) color: inherit @ http://localhost:3000/_next/static/chunks/node_modules_next_dist_1e8vcs8._.js:776
[ 1247980ms] [LOG] %c[Vercel Web Analytics]%c Running queued event color: rgb(120, 120, 120) color: inherit pageview {route: /work/[slug], path: /work/bookcargo} @ http://localhost:3000/_next/static/chunks/node_modules_next_dist_1e8vcs8._.js:776
[ 1247981ms] [LOG] %c[Vercel Web Analytics]%c Running queued event color: rgb(120, 120, 120) color: inherit pageview {route: /work/[slug], path: /work/bookcargo} @ http://localhost:3000/_next/static/chunks/node_modules_next_dist_1e8vcs8._.js:776
[ 1247981ms] [LOG] %c[Vercel Web Analytics]%c [view] http://localhost:3000/work/bookcargo color: rgb(120, 120, 120) color: inherit {o: http://localhost:3000/work/bookcargo, sv: 0.1.3, sdkn: @vercel/analytics/next, sdkv: 2.0.1, ts: 1791208286941} /_vercel/insights/view @ http://localhost:3000/_next/static/chunks/node_modules_next_dist_1e8vcs8._.js:776
[ 1247981ms] [LOG] %c[Vercel Web Analytics]%c [view] http://localhost:3000/work/bookcargo color: rgb(120, 120, 120) color: inherit {o: http://localhost:3000/work/bookcargo, sv: 0.1.3, sdkn: @vercel/analytics/next, sdkv: 2.0.1, ts: 1791208286941} /_vercel/insights/view @ http://localhost:3000/_next/static/chunks/node_modules_next_dist_1e8vcs8._.js:776
[ 1247981ms] [LOG] %c[Vercel Speed Insights]%c Debug mode is enabled by default in development. No requests will be sent to the server. color: rgb(120, 120, 120) color: inherit @ http://localhost:3000/_next/static/chunks/node_modules_next_dist_1e8vcs8._.js:776
[ 1248554ms] [INFO] %cDownload the React DevTools for a better development experience: https://react.dev/link/react-devtools font-weight:bold @ http://localhost:3000/_next/static/chunks/node_modules_next_dist_1e8vcs8._.js:776
[ 1248565ms] [LOG] [HMR] connected @ http://localhost:3000/_next/static/chunks/node_modules_next_dist_1e8vcs8._.js:776
[ 1248603ms] [LOG] %c[Vercel Web Analytics]%c Debug mode is enabled by default in development. No requests will be sent to the server. color: rgb(120, 120, 120) color: inherit @ http://localhost:3000/_next/static/chunks/node_modules_next_dist_1e8vcs8._.js:776
[ 1248603ms] [LOG] %c[Vercel Web Analytics]%c Running queued event color: rgb(120, 120, 120) color: inherit pageview {route: /work/[slug], path: /work/dealerwerx} @ http://localhost:3000/_next/static/chunks/node_modules_next_dist_1e8vcs8._.js:776
[ 1248603ms] [LOG] %c[Vercel Web Analytics]%c Running queued event color: rgb(120, 120, 120) color: inherit pageview {route: /work/[slug], path: /work/dealerwerx} @ http://localhost:3000/_next/static/chunks/node_modules_next_dist_1e8vcs8._.js:776
[ 1248603ms] [LOG] %c[Vercel Web Analytics]%c [view] http://localhost:3000/work/dealerwerx color: rgb(120, 120, 120) color: inherit {o: http://localhost:3000/work/dealerwerx, sv: 0.1.3, sdkn: @vercel/analytics/next, sdkv: 2.0.1, ts: 1791208287563} /_vercel/insights/view @ http://localhost:3000/_next/static/chunks/node_modules_next_dist_1e8vcs8._.js:776
[ 1248603ms] [LOG] %c[Vercel Web Analytics]%c [view] http://localhost:3000/work/dealerwerx color: rgb(120, 120, 120) color: inherit {o: http://localhost:3000/work/dealerwerx, sv: 0.1.3, sdkn: @vercel/analytics/next, sdkv: 2.0.1, ts: 1791208287563} /_vercel/insights/view @ http://localhost:3000/_next/static/chunks/node_modules_next_dist_1e8vcs8._.js:776
[ 1248603ms] [LOG] %c[Vercel Speed Insights]%c Debug mode is enabled by default in development. No requests will be sent to the server. color: rgb(120, 120, 120) color: inherit @ http://localhost:3000/_next/static/chunks/node_modules_next_dist_1e8vcs8._.js:776
[ 1249251ms] [INFO] %cDownload the React DevTools for a better development experience: https://react.dev/link/react-devtools font-weight:bold @ http://localhost:3000/_next/static/chunks/node_modules_next_dist_1e8vcs8._.js:776
[ 1249263ms] [LOG] [HMR] connected @ http://localhost:3000/_next/static/chunks/node_modules_next_dist_1e8vcs8._.js:776
[ 1249299ms] [LOG] %c[Vercel Web Analytics]%c Debug mode is enabled by default in development. No requests will be sent to the server. color: rgb(120, 120, 120) color: inherit @ http://localhost:3000/_next/static/chunks/node_modules_next_dist_1e8vcs8._.js:776
[ 1249299ms] [LOG] %c[Vercel Web Analytics]%c Running queued event color: rgb(120, 120, 120) color: inherit pageview {route: /work/[slug], path: /work/myo} @ http://localhost:3000/_next/static/chunks/node_modules_next_dist_1e8vcs8._.js:776
[ 1249299ms] [LOG] %c[Vercel Web Analytics]%c Running queued event color: rgb(120, 120, 120) color: inherit pageview {route: /work/[slug], path: /work/myo} @ http://localhost:3000/_next/static/chunks/node_modules_next_dist_1e8vcs8._.js:776
[ 1249299ms] [LOG] %c[Vercel Web Analytics]%c [view] http://localhost:3000/work/myo color: rgb(120, 120, 120) color: inherit {o: http://localhost:3000/work/myo, sv: 0.1.3, sdkn: @vercel/analytics/next, sdkv: 2.0.1, ts: 1791208288260} /_vercel/insights/view @ http://localhost:3000/_next/static/chunks/node_modules_next_dist_1e8vcs8._.js:776
[ 1249300ms] [LOG] %c[Vercel Web Analytics]%c [view] http://localhost:3000/work/myo color: rgb(120, 120, 120) color: inherit {o: http://localhost:3000/work/myo, sv: 0.1.3, sdkn: @vercel/analytics/next, sdkv: 2.0.1, ts: 1791208288260} /_vercel/insights/view @ http://localhost:3000/_next/static/chunks/node_modules_next_dist_1e8vcs8._.js:776
[ 1249300ms] [LOG] %c[Vercel Speed Insights]%c Debug mode is enabled by default in development. No requests will be sent to the server. color: rgb(120, 120, 120) color: inherit @ http://localhost:3000/_next/static/chunks/node_modules_next_dist_1e8vcs8._.js:776
[ 1249880ms] [INFO] %cDownload the React DevTools for a better development experience: https://react.dev/link/react-devtools font-weight:bold @ http://localhost:3000/_next/static/chunks/node_modules_next_dist_1e8vcs8._.js:776
[ 1249890ms] [LOG] [HMR] connected @ http://localhost:3000/_next/static/chunks/node_modules_next_dist_1e8vcs8._.js:776
[ 1249923ms] [LOG] %c[Vercel Web Analytics]%c Debug mode is enabled by default in development. No requests will be sent to the server. color: rgb(120, 120, 120) color: inherit @ http://localhost:3000/_next/static/chunks/node_modules_next_dist_1e8vcs8._.js:776
[ 1249923ms] [LOG] %c[Vercel Web Analytics]%c Running queued event color: rgb(120, 120, 120) color: inherit pageview {route: /about, path: /about} @ http://localhost:3000/_next/static/chunks/node_modules_next_dist_1e8vcs8._.js:776
[ 1249923ms] [LOG] %c[Vercel Web Analytics]%c Running queued event color: rgb(120, 120, 120) color: inherit pageview {route: /about, path: /about} @ http://localhost:3000/_next/static/chunks/node_modules_next_dist_1e8vcs8._.js:776
[ 1249923ms] [LOG] %c[Vercel Web Analytics]%c [view] http://localhost:3000/about color: rgb(120, 120, 120) color: inherit {o: http://localhost:3000/about, sv: 0.1.3, sdkn: @vercel/analytics/next, sdkv: 2.0.1, ts: 1791208288883} /_vercel/insights/view @ http://localhost:3000/_next/static/chunks/node_modules_next_dist_1e8vcs8._.js:776
[ 1249923ms] [LOG] %c[Vercel Web Analytics]%c [view] http://localhost:3000/about color: rgb(120, 120, 120) color: inherit {o: http://localhost:3000/about, sv: 0.1.3, sdkn: @vercel/analytics/next, sdkv: 2.0.1, ts: 1791208288884} /_vercel/insights/view @ http://localhost:3000/_next/static/chunks/node_modules_next_dist_1e8vcs8._.js:776
[ 1249923ms] [LOG] %c[Vercel Speed Insights]%c Debug mode is enabled by default in development. No requests will be sent to the server. color: rgb(120, 120, 120) color: inherit @ http://localhost:3000/_next/static/chunks/node_modules_next_dist_1e8vcs8._.js:776
[ 1250509ms] [INFO] %cDownload the React DevTools for a better development experience: https://react.dev/link/react-devtools font-weight:bold @ http://localhost:3000/_next/static/chunks/node_modules_next_dist_1e8vcs8._.js:776
[ 1250520ms] [LOG] [HMR] connected @ http://localhost:3000/_next/static/chunks/node_modules_next_dist_1e8vcs8._.js:776
[ 1250559ms] [LOG] %c[Vercel Web Analytics]%c Debug mode is enabled by default in development. No requests will be sent to the server. color: rgb(120, 120, 120) color: inherit @ http://localhost:3000/_next/static/chunks/node_modules_next_dist_1e8vcs8._.js:776
[ 1250559ms] [LOG] %c[Vercel Web Analytics]%c Running queued event color: rgb(120, 120, 120) color: inherit pageview {route: /contact, path: /contact} @ http://localhost:3000/_next/static/chunks/node_modules_next_dist_1e8vcs8._.js:776
[ 1250559ms] [LOG] %c[Vercel Web Analytics]%c Running queued event color: rgb(120, 120, 120) color: inherit pageview {route: /contact, path: /contact} @ http://localhost:3000/_next/static/chunks/node_modules_next_dist_1e8vcs8._.js:776
[ 1250559ms] [LOG] %c[Vercel Web Analytics]%c [view] http://localhost:3000/contact color: rgb(120, 120, 120) color: inherit {o: http://localhost:3000/contact, sv: 0.1.3, sdkn: @vercel/analytics/next, sdkv: 2.0.1, ts: 1791208289520} /_vercel/insights/view @ http://localhost:3000/_next/static/chunks/node_modules_next_dist_1e8vcs8._.js:776
[ 1250559ms] [LOG] %c[Vercel Web Analytics]%c [view] http://localhost:3000/contact color: rgb(120, 120, 120) color: inherit {o: http://localhost:3000/contact, sv: 0.1.3, sdkn: @vercel/analytics/next, sdkv: 2.0.1, ts: 1791208289520} /_vercel/insights/view @ http://localhost:3000/_next/static/chunks/node_modules_next_dist_1e8vcs8._.js:776
[ 1250560ms] [LOG] %c[Vercel Speed Insights]%c Debug mode is enabled by default in development. No requests will be sent to the server. color: rgb(120, 120, 120) color: inherit @ http://localhost:3000/_next/static/chunks/node_modules_next_dist_1e8vcs8._.js:776
[ 1251148ms] [INFO] %cDownload the React DevTools for a better development experience: https://react.dev/link/react-devtools font-weight:bold @ http://localhost:3000/_next/static/chunks/node_modules_next_dist_1e8vcs8._.js:776
[ 1251157ms] [LOG] [HMR] connected @ http://localhost:3000/_next/static/chunks/node_modules_next_dist_1e8vcs8._.js:776
[ 1251201ms] [LOG] %c[Vercel Web Analytics]%c Debug mode is enabled by default in development. No requests will be sent to the server. color: rgb(120, 120, 120) color: inherit @ http://localhost:3000/_next/static/chunks/node_modules_next_dist_1e8vcs8._.js:776
[ 1251201ms] [LOG] %c[Vercel Web Analytics]%c Running queued event color: rgb(120, 120, 120) color: inherit pageview {route: /privacy, path: /privacy} @ http://localhost:3000/_next/static/chunks/node_modules_next_dist_1e8vcs8._.js:776
[ 1251201ms] [LOG] %c[Vercel Web Analytics]%c Running queued event color: rgb(120, 120, 120) color: inherit pageview {route: /privacy, path: /privacy} @ http://localhost:3000/_next/static/chunks/node_modules_next_dist_1e8vcs8._.js:776
[ 1251201ms] [LOG] %c[Vercel Web Analytics]%c [view] http://localhost:3000/privacy color: rgb(120, 120, 120) color: inherit {o: http://localhost:3000/privacy, sv: 0.1.3, sdkn: @vercel/analytics/next, sdkv: 2.0.1, ts: 1791208290161} /_vercel/insights/view @ http://localhost:3000/_next/static/chunks/node_modules_next_dist_1e8vcs8._.js:776
[ 1251201ms] [LOG] %c[Vercel Web Analytics]%c [view] http://localhost:3000/privacy color: rgb(120, 120, 120) color: inherit {o: http://localhost:3000/privacy, sv: 0.1.3, sdkn: @vercel/analytics/next, sdkv: 2.0.1, ts: 1791208290161} /_vercel/insights/view @ http://localhost:3000/_next/static/chunks/node_modules_next_dist_1e8vcs8._.js:776
[ 1251201ms] [LOG] %c[Vercel Speed Insights]%c Debug mode is enabled by default in development. No requests will be sent to the server. color: rgb(120, 120, 120) color: inherit @ http://localhost:3000/_next/static/chunks/node_modules_next_dist_1e8vcs8._.js:776
[ 1251794ms] [INFO] %cDownload the React DevTools for a better development experience: https://react.dev/link/react-devtools font-weight:bold @ http://localhost:3000/_next/static/chunks/node_modules_next_dist_1e8vcs8._.js:776
[ 1251802ms] [LOG] [HMR] connected @ http://localhost:3000/_next/static/chunks/node_modules_next_dist_1e8vcs8._.js:776
[ 1251836ms] [LOG] %c[Vercel Web Analytics]%c Debug mode is enabled by default in development. No requests will be sent to the server. color: rgb(120, 120, 120) color: inherit @ http://localhost:3000/_next/static/chunks/node_modules_next_dist_1e8vcs8._.js:776
[ 1251836ms] [LOG] %c[Vercel Web Analytics]%c Running queued event color: rgb(120, 120, 120) color: inherit pageview {route: /terms, path: /terms} @ http://localhost:3000/_next/static/chunks/node_modules_next_dist_1e8vcs8._.js:776
[ 1251837ms] [LOG] %c[Vercel Web Analytics]%c Running queued event color: rgb(120, 120, 120) color: inherit pageview {route: /terms, path: /terms} @ http://localhost:3000/_next/static/chunks/node_modules_next_dist_1e8vcs8._.js:776
[ 1251837ms] [LOG] %c[Vercel Web Analytics]%c [view] http://localhost:3000/terms color: rgb(120, 120, 120) color: inherit {o: http://localhost:3000/terms, sv: 0.1.3, sdkn: @vercel/analytics/next, sdkv: 2.0.1, ts: 1791208290797} /_vercel/insights/view @ http://localhost:3000/_next/static/chunks/node_modules_next_dist_1e8vcs8._.js:776
[ 1251837ms] [LOG] %c[Vercel Web Analytics]%c [view] http://localhost:3000/terms color: rgb(120, 120, 120) color: inherit {o: http://localhost:3000/terms, sv: 0.1.3, sdkn: @vercel/analytics/next, sdkv: 2.0.1, ts: 1791208290797} /_vercel/insights/view @ http://localhost:3000/_next/static/chunks/node_modules_next_dist_1e8vcs8._.js:776
[ 1251837ms] [LOG] %c[Vercel Speed Insights]%c Debug mode is enabled by default in development. No requests will be sent to the server. color: rgb(120, 120, 120) color: inherit @ http://localhost:3000/_next/static/chunks/node_modules_next_dist_1e8vcs8._.js:776
[ 1252399ms] [ERROR] Failed to load resource: the server responded with a status of 404 (Not Found) @ http://localhost:3000/nonexistent:0
[ 1252431ms] [INFO] %cDownload the React DevTools for a better development experience: https://react.dev/link/react-devtools font-weight:bold @ http://localhost:3000/_next/static/chunks/node_modules_next_dist_1e8vcs8._.js:776
[ 1252442ms] [LOG] [HMR] connected @ http://localhost:3000/_next/static/chunks/node_modules_next_dist_1e8vcs8._.js:776
[ 1252469ms] [LOG] %c[Vercel Web Analytics]%c Debug mode is enabled by default in development. No requests will be sent to the server. color: rgb(120, 120, 120) color: inherit @ http://localhost:3000/_next/static/chunks/node_modules_next_dist_1e8vcs8._.js:776
[ 1252469ms] [LOG] %c[Vercel Web Analytics]%c Running queued event color: rgb(120, 120, 120) color: inherit pageview {route: /nonexistent, path: /nonexistent} @ http://localhost:3000/_next/static/chunks/node_modules_next_dist_1e8vcs8._.js:776
[ 1252469ms] [LOG] %c[Vercel Web Analytics]%c Running queued event color: rgb(120, 120, 120) color: inherit pageview {route: /nonexistent, path: /nonexistent} @ http://localhost:3000/_next/static/chunks/node_modules_next_dist_1e8vcs8._.js:776
[ 1252469ms] [LOG] %c[Vercel Web Analytics]%c [view] http://localhost:3000/nonexistent color: rgb(120, 120, 120) color: inherit {o: http://localhost:3000/nonexistent, sv: 0.1.3, sdkn: @vercel/analytics/next, sdkv: 2.0.1, ts: 1791208291429} /_vercel/insights/view @ http://localhost:3000/_next/static/chunks/node_modules_next_dist_1e8vcs8._.js:776
[ 1252469ms] [LOG] %c[Vercel Web Analytics]%c [view] http://localhost:3000/nonexistent color: rgb(120, 120, 120) color: inherit {o: http://localhost:3000/nonexistent, sv: 0.1.3, sdkn: @vercel/analytics/next, sdkv: 2.0.1, ts: 1791208291429} /_vercel/insights/view @ http://localhost:3000/_next/static/chunks/node_modules_next_dist_1e8vcs8._.js:776
[ 1252469ms] [LOG] %c[Vercel Speed Insights]%c Debug mode is enabled by default in development. No requests will be sent to the server. color: rgb(120, 120, 120) color: inherit @ http://localhost:3000/_next/static/chunks/node_modules_next_dist_1e8vcs8._.js:776
[ 1253089ms] [INFO] %cDownload the React DevTools for a better development experience: https://react.dev/link/react-devtools font-weight:bold @ http://localhost:3000/_next/static/chunks/node_modules_next_dist_1e8vcs8._.js:776
[ 1253099ms] [LOG] [HMR] connected @ http://localhost:3000/_next/static/chunks/node_modules_next_dist_1e8vcs8._.js:776
[ 1253161ms] [LOG] %c[Vercel Web Analytics]%c Debug mode is enabled by default in development. No requests will be sent to the server. color: rgb(120, 120, 120) color: inherit @ http://localhost:3000/_next/static/chunks/node_modules_next_dist_1e8vcs8._.js:776
[ 1253161ms] [LOG] %c[Vercel Web Analytics]%c Running queued event color: rgb(120, 120, 120) color: inherit pageview {route: /, path: /} @ http://localhost:3000/_next/static/chunks/node_modules_next_dist_1e8vcs8._.js:776
[ 1253161ms] [LOG] %c[Vercel Web Analytics]%c Running queued event color: rgb(120, 120, 120) color: inherit pageview {route: /, path: /} @ http://localhost:3000/_next/static/chunks/node_modules_next_dist_1e8vcs8._.js:776
[ 1253161ms] [LOG] %c[Vercel Web Analytics]%c [view] http://localhost:3000/ color: rgb(120, 120, 120) color: inherit {o: http://localhost:3000/, sv: 0.1.3, sdkn: @vercel/analytics/next, sdkv: 2.0.1, ts: 1791208292122} /_vercel/insights/view @ http://localhost:3000/_next/static/chunks/node_modules_next_dist_1e8vcs8._.js:776
[ 1253161ms] [LOG] %c[Vercel Web Analytics]%c [view] http://localhost:3000/ color: rgb(120, 120, 120) color: inherit {o: http://localhost:3000/, sv: 0.1.3, sdkn: @vercel/analytics/next, sdkv: 2.0.1, ts: 1791208292122} /_vercel/insights/view @ http://localhost:3000/_next/static/chunks/node_modules_next_dist_1e8vcs8._.js:776
[ 1253162ms] [LOG] %c[Vercel Speed Insights]%c Debug mode is enabled by default in development. No requests will be sent to the server. color: rgb(120, 120, 120) color: inherit @ http://localhost:3000/_next/static/chunks/node_modules_next_dist_1e8vcs8._.js:776
[ 1253749ms] [INFO] %cDownload the React DevTools for a better development experience: https://react.dev/link/react-devtools font-weight:bold @ http://localhost:3000/_next/static/chunks/node_modules_next_dist_1e8vcs8._.js:776
[ 1253765ms] [LOG] [HMR] connected @ http://localhost:3000/_next/static/chunks/node_modules_next_dist_1e8vcs8._.js:776
[ 1253795ms] [LOG] %c[Vercel Web Analytics]%c Debug mode is enabled by default in development. No requests will be sent to the server. color: rgb(120, 120, 120) color: inherit @ http://localhost:3000/_next/static/chunks/node_modules_next_dist_1e8vcs8._.js:776
[ 1253795ms] [LOG] %c[Vercel Web Analytics]%c Running queued event color: rgb(120, 120, 120) color: inherit pageview {route: /services, path: /services} @ http://localhost:3000/_next/static/chunks/node_modules_next_dist_1e8vcs8._.js:776
[ 1253795ms] [LOG] %c[Vercel Web Analytics]%c Running queued event color: rgb(120, 120, 120) color: inherit pageview {route: /services, path: /services} @ http://localhost:3000/_next/static/chunks/node_modules_next_dist_1e8vcs8._.js:776
[ 1253795ms] [LOG] %c[Vercel Web Analytics]%c [view] http://localhost:3000/services color: rgb(120, 120, 120) color: inherit {o: http://localhost:3000/services, sv: 0.1.3, sdkn: @vercel/analytics/next, sdkv: 2.0.1, ts: 1791208292755} /_vercel/insights/view @ http://localhost:3000/_next/static/chunks/node_modules_next_dist_1e8vcs8._.js:776
[ 1253795ms] [LOG] %c[Vercel Web Analytics]%c [view] http://localhost:3000/services color: rgb(120, 120, 120) color: inherit {o: http://localhost:3000/services, sv: 0.1.3, sdkn: @vercel/analytics/next, sdkv: 2.0.1, ts: 1791208292755} /_vercel/insights/view @ http://localhost:3000/_next/static/chunks/node_modules_next_dist_1e8vcs8._.js:776
[ 1253795ms] [LOG] %c[Vercel Speed Insights]%c Debug mode is enabled by default in development. No requests will be sent to the server. color: rgb(120, 120, 120) color: inherit @ http://localhost:3000/_next/static/chunks/node_modules_next_dist_1e8vcs8._.js:776
[ 1254395ms] [INFO] %cDownload the React DevTools for a better development experience: https://react.dev/link/react-devtools font-weight:bold @ http://localhost:3000/_next/static/chunks/node_modules_next_dist_1e8vcs8._.js:776
[ 1254410ms] [LOG] [HMR] connected @ http://localhost:3000/_next/static/chunks/node_modules_next_dist_1e8vcs8._.js:776
[ 1254445ms] [LOG] %c[Vercel Web Analytics]%c Debug mode is enabled by default in development. No requests will be sent to the server. color: rgb(120, 120, 120) color: inherit @ http://localhost:3000/_next/static/chunks/node_modules_next_dist_1e8vcs8._.js:776
[ 1254445ms] [LOG] %c[Vercel Web Analytics]%c Running queued event color: rgb(120, 120, 120) color: inherit pageview {route: /solutions, path: /solutions} @ http://localhost:3000/_next/static/chunks/node_modules_next_dist_1e8vcs8._.js:776
[ 1254446ms] [LOG] %c[Vercel Web Analytics]%c Running queued event color: rgb(120, 120, 120) color: inherit pageview {route: /solutions, path: /solutions} @ http://localhost:3000/_next/static/chunks/node_modules_next_dist_1e8vcs8._.js:776
[ 1254446ms] [LOG] %c[Vercel Web Analytics]%c [view] http://localhost:3000/solutions color: rgb(120, 120, 120) color: inherit {o: http://localhost:3000/solutions, sv: 0.1.3, sdkn: @vercel/analytics/next, sdkv: 2.0.1, ts: 1791208293406} /_vercel/insights/view @ http://localhost:3000/_next/static/chunks/node_modules_next_dist_1e8vcs8._.js:776
[ 1254446ms] [LOG] %c[Vercel Web Analytics]%c [view] http://localhost:3000/solutions color: rgb(120, 120, 120) color: inherit {o: http://localhost:3000/solutions, sv: 0.1.3, sdkn: @vercel/analytics/next, sdkv: 2.0.1, ts: 1791208293406} /_vercel/insights/view @ http://localhost:3000/_next/static/chunks/node_modules_next_dist_1e8vcs8._.js:776
[ 1254446ms] [LOG] %c[Vercel Speed Insights]%c Debug mode is enabled by default in development. No requests will be sent to the server. color: rgb(120, 120, 120) color: inherit @ http://localhost:3000/_next/static/chunks/node_modules_next_dist_1e8vcs8._.js:776
[ 1255026ms] [INFO] %cDownload the React DevTools for a better development experience: https://react.dev/link/react-devtools font-weight:bold @ http://localhost:3000/_next/static/chunks/node_modules_next_dist_1e8vcs8._.js:776
[ 1255034ms] [LOG] [HMR] connected @ http://localhost:3000/_next/static/chunks/node_modules_next_dist_1e8vcs8._.js:776
[ 1255071ms] [LOG] %c[Vercel Web Analytics]%c Debug mode is enabled by default in development. No requests will be sent to the server. color: rgb(120, 120, 120) color: inherit @ http://localhost:3000/_next/static/chunks/node_modules_next_dist_1e8vcs8._.js:776
[ 1255071ms] [LOG] %c[Vercel Web Analytics]%c Running queued event color: rgb(120, 120, 120) color: inherit pageview {route: /work, path: /work} @ http://localhost:3000/_next/static/chunks/node_modules_next_dist_1e8vcs8._.js:776
[ 1255071ms] [LOG] %c[Vercel Web Analytics]%c Running queued event color: rgb(120, 120, 120) color: inherit pageview {route: /work, path: /work} @ http://localhost:3000/_next/static/chunks/node_modules_next_dist_1e8vcs8._.js:776
[ 1255071ms] [LOG] %c[Vercel Web Analytics]%c [view] http://localhost:3000/work color: rgb(120, 120, 120) color: inherit {o: http://localhost:3000/work, sv: 0.1.3, sdkn: @vercel/analytics/next, sdkv: 2.0.1, ts: 1791208294031} /_vercel/insights/view @ http://localhost:3000/_next/static/chunks/node_modules_next_dist_1e8vcs8._.js:776
[ 1255071ms] [LOG] %c[Vercel Web Analytics]%c [view] http://localhost:3000/work color: rgb(120, 120, 120) color: inherit {o: http://localhost:3000/work, sv: 0.1.3, sdkn: @vercel/analytics/next, sdkv: 2.0.1, ts: 1791208294032} /_vercel/insights/view @ http://localhost:3000/_next/static/chunks/node_modules_next_dist_1e8vcs8._.js:776
[ 1255071ms] [LOG] %c[Vercel Speed Insights]%c Debug mode is enabled by default in development. No requests will be sent to the server. color: rgb(120, 120, 120) color: inherit @ http://localhost:3000/_next/static/chunks/node_modules_next_dist_1e8vcs8._.js:776
[ 1255670ms] [INFO] %cDownload the React DevTools for a better development experience: https://react.dev/link/react-devtools font-weight:bold @ http://localhost:3000/_next/static/chunks/node_modules_next_dist_1e8vcs8._.js:776
[ 1255682ms] [LOG] [HMR] connected @ http://localhost:3000/_next/static/chunks/node_modules_next_dist_1e8vcs8._.js:776
[ 1255718ms] [LOG] %c[Vercel Web Analytics]%c Debug mode is enabled by default in development. No requests will be sent to the server. color: rgb(120, 120, 120) color: inherit @ http://localhost:3000/_next/static/chunks/node_modules_next_dist_1e8vcs8._.js:776
[ 1255719ms] [LOG] %c[Vercel Web Analytics]%c Running queued event color: rgb(120, 120, 120) color: inherit pageview {route: /work/[slug], path: /work/bookcargo} @ http://localhost:3000/_next/static/chunks/node_modules_next_dist_1e8vcs8._.js:776
[ 1255719ms] [LOG] %c[Vercel Web Analytics]%c Running queued event color: rgb(120, 120, 120) color: inherit pageview {route: /work/[slug], path: /work/bookcargo} @ http://localhost:3000/_next/static/chunks/node_modules_next_dist_1e8vcs8._.js:776
[ 1255719ms] [LOG] %c[Vercel Web Analytics]%c [view] http://localhost:3000/work/bookcargo color: rgb(120, 120, 120) color: inherit {o: http://localhost:3000/work/bookcargo, sv: 0.1.3, sdkn: @vercel/analytics/next, sdkv: 2.0.1, ts: 1791208294679} /_vercel/insights/view @ http://localhost:3000/_next/static/chunks/node_modules_next_dist_1e8vcs8._.js:776
[ 1255719ms] [LOG] %c[Vercel Web Analytics]%c [view] http://localhost:3000/work/bookcargo color: rgb(120, 120, 120) color: inherit {o: http://localhost:3000/work/bookcargo, sv: 0.1.3, sdkn: @vercel/analytics/next, sdkv: 2.0.1, ts: 1791208294679} /_vercel/insights/view @ http://localhost:3000/_next/static/chunks/node_modules_next_dist_1e8vcs8._.js:776
[ 1255719ms] [LOG] %c[Vercel Speed Insights]%c Debug mode is enabled by default in development. No requests will be sent to the server. color: rgb(120, 120, 120) color: inherit @ http://localhost:3000/_next/static/chunks/node_modules_next_dist_1e8vcs8._.js:776
[ 1256333ms] [INFO] %cDownload the React DevTools for a better development experience: https://react.dev/link/react-devtools font-weight:bold @ http://localhost:3000/_next/static/chunks/node_modules_next_dist_1e8vcs8._.js:776
[ 1256343ms] [LOG] [HMR] connected @ http://localhost:3000/_next/static/chunks/node_modules_next_dist_1e8vcs8._.js:776
[ 1256381ms] [LOG] %c[Vercel Web Analytics]%c Debug mode is enabled by default in development. No requests will be sent to the server. color: rgb(120, 120, 120) color: inherit @ http://localhost:3000/_next/static/chunks/node_modules_next_dist_1e8vcs8._.js:776
[ 1256381ms] [LOG] %c[Vercel Web Analytics]%c Running queued event color: rgb(120, 120, 120) color: inherit pageview {route: /work/[slug], path: /work/dealerwerx} @ http://localhost:3000/_next/static/chunks/node_modules_next_dist_1e8vcs8._.js:776
[ 1256381ms] [LOG] %c[Vercel Web Analytics]%c Running queued event color: rgb(120, 120, 120) color: inherit pageview {route: /work/[slug], path: /work/dealerwerx} @ http://localhost:3000/_next/static/chunks/node_modules_next_dist_1e8vcs8._.js:776
[ 1256381ms] [LOG] %c[Vercel Web Analytics]%c [view] http://localhost:3000/work/dealerwerx color: rgb(120, 120, 120) color: inherit {o: http://localhost:3000/work/dealerwerx, sv: 0.1.3, sdkn: @vercel/analytics/next, sdkv: 2.0.1, ts: 1791208295341} /_vercel/insights/view @ http://localhost:3000/_next/static/chunks/node_modules_next_dist_1e8vcs8._.js:776
[ 1256381ms] [LOG] %c[Vercel Web Analytics]%c [view] http://localhost:3000/work/dealerwerx color: rgb(120, 120, 120) color: inherit {o: http://localhost:3000/work/dealerwerx, sv: 0.1.3, sdkn: @vercel/analytics/next, sdkv: 2.0.1, ts: 1791208295341} /_vercel/insights/view @ http://localhost:3000/_next/static/chunks/node_modules_next_dist_1e8vcs8._.js:776
[ 1256381ms] [LOG] %c[Vercel Speed Insights]%c Debug mode is enabled by default in development. No requests will be sent to the server. color: rgb(120, 120, 120) color: inherit @ http://localhost:3000/_next/static/chunks/node_modules_next_dist_1e8vcs8._.js:776
[ 1256974ms] [INFO] %cDownload the React DevTools for a better development experience: https://react.dev/link/react-devtools font-weight:bold @ http://localhost:3000/_next/static/chunks/node_modules_next_dist_1e8vcs8._.js:776
[ 1256982ms] [LOG] [HMR] connected @ http://localhost:3000/_next/static/chunks/node_modules_next_dist_1e8vcs8._.js:776
[ 1257029ms] [LOG] %c[Vercel Web Analytics]%c Debug mode is enabled by default in development. No requests will be sent to the server. color: rgb(120, 120, 120) color: inherit @ http://localhost:3000/_next/static/chunks/node_modules_next_dist_1e8vcs8._.js:776
[ 1257029ms] [LOG] %c[Vercel Web Analytics]%c Running queued event color: rgb(120, 120, 120) color: inherit pageview {route: /work/[slug], path: /work/myo} @ http://localhost:3000/_next/static/chunks/node_modules_next_dist_1e8vcs8._.js:776
[ 1257029ms] [LOG] %c[Vercel Web Analytics]%c Running queued event color: rgb(120, 120, 120) color: inherit pageview {route: /work/[slug], path: /work/myo} @ http://localhost:3000/_next/static/chunks/node_modules_next_dist_1e8vcs8._.js:776
[ 1257029ms] [LOG] %c[Vercel Web Analytics]%c [view] http://localhost:3000/work/myo color: rgb(120, 120, 120) color: inherit {o: http://localhost:3000/work/myo, sv: 0.1.3, sdkn: @vercel/analytics/next, sdkv: 2.0.1, ts: 1791208295989} /_vercel/insights/view @ http://localhost:3000/_next/static/chunks/node_modules_next_dist_1e8vcs8._.js:776
[ 1257029ms] [LOG] %c[Vercel Web Analytics]%c [view] http://localhost:3000/work/myo color: rgb(120, 120, 120) color: inherit {o: http://localhost:3000/work/myo, sv: 0.1.3, sdkn: @vercel/analytics/next, sdkv: 2.0.1, ts: 1791208295989} /_vercel/insights/view @ http://localhost:3000/_next/static/chunks/node_modules_next_dist_1e8vcs8._.js:776
[ 1257029ms] [LOG] %c[Vercel Speed Insights]%c Debug mode is enabled by default in development. No requests will be sent to the server. color: rgb(120, 120, 120) color: inherit @ http://localhost:3000/_next/static/chunks/node_modules_next_dist_1e8vcs8._.js:776
[ 1257614ms] [INFO] %cDownload the React DevTools for a better development experience: https://react.dev/link/react-devtools font-weight:bold @ http://localhost:3000/_next/static/chunks/node_modules_next_dist_1e8vcs8._.js:776
[ 1257625ms] [LOG] [HMR] connected @ http://localhost:3000/_next/static/chunks/node_modules_next_dist_1e8vcs8._.js:776
[ 1257654ms] [LOG] %c[Vercel Web Analytics]%c Debug mode is enabled by default in development. No requests will be sent to the server. color: rgb(120, 120, 120) color: inherit @ http://localhost:3000/_next/static/chunks/node_modules_next_dist_1e8vcs8._.js:776
[ 1257654ms] [LOG] %c[Vercel Web Analytics]%c Running queued event color: rgb(120, 120, 120) color: inherit pageview {route: /about, path: /about} @ http://localhost:3000/_next/static/chunks/node_modules_next_dist_1e8vcs8._.js:776
[ 1257655ms] [LOG] %c[Vercel Web Analytics]%c Running queued event color: rgb(120, 120, 120) color: inherit pageview {route: /about, path: /about} @ http://localhost:3000/_next/static/chunks/node_modules_next_dist_1e8vcs8._.js:776
[ 1257655ms] [LOG] %c[Vercel Web Analytics]%c [view] http://localhost:3000/about color: rgb(120, 120, 120) color: inherit {o: http://localhost:3000/about, sv: 0.1.3, sdkn: @vercel/analytics/next, sdkv: 2.0.1, ts: 1791208296615} /_vercel/insights/view @ http://localhost:3000/_next/static/chunks/node_modules_next_dist_1e8vcs8._.js:776
[ 1257655ms] [LOG] %c[Vercel Web Analytics]%c [view] http://localhost:3000/about color: rgb(120, 120, 120) color: inherit {o: http://localhost:3000/about, sv: 0.1.3, sdkn: @vercel/analytics/next, sdkv: 2.0.1, ts: 1791208296615} /_vercel/insights/view @ http://localhost:3000/_next/static/chunks/node_modules_next_dist_1e8vcs8._.js:776
[ 1257655ms] [LOG] %c[Vercel Speed Insights]%c Debug mode is enabled by default in development. No requests will be sent to the server. color: rgb(120, 120, 120) color: inherit @ http://localhost:3000/_next/static/chunks/node_modules_next_dist_1e8vcs8._.js:776
[ 1258256ms] [INFO] %cDownload the React DevTools for a better development experience: https://react.dev/link/react-devtools font-weight:bold @ http://localhost:3000/_next/static/chunks/node_modules_next_dist_1e8vcs8._.js:776
[ 1258265ms] [LOG] [HMR] connected @ http://localhost:3000/_next/static/chunks/node_modules_next_dist_1e8vcs8._.js:776
[ 1258302ms] [LOG] %c[Vercel Web Analytics]%c Debug mode is enabled by default in development. No requests will be sent to the server. color: rgb(120, 120, 120) color: inherit @ http://localhost:3000/_next/static/chunks/node_modules_next_dist_1e8vcs8._.js:776
[ 1258302ms] [LOG] %c[Vercel Web Analytics]%c Running queued event color: rgb(120, 120, 120) color: inherit pageview {route: /contact, path: /contact} @ http://localhost:3000/_next/static/chunks/node_modules_next_dist_1e8vcs8._.js:776
[ 1258302ms] [LOG] %c[Vercel Web Analytics]%c Running queued event color: rgb(120, 120, 120) color: inherit pageview {route: /contact, path: /contact} @ http://localhost:3000/_next/static/chunks/node_modules_next_dist_1e8vcs8._.js:776
[ 1258302ms] [LOG] %c[Vercel Web Analytics]%c [view] http://localhost:3000/contact color: rgb(120, 120, 120) color: inherit {o: http://localhost:3000/contact, sv: 0.1.3, sdkn: @vercel/analytics/next, sdkv: 2.0.1, ts: 1791208297262} /_vercel/insights/view @ http://localhost:3000/_next/static/chunks/node_modules_next_dist_1e8vcs8._.js:776
[ 1258302ms] [LOG] %c[Vercel Web Analytics]%c [view] http://localhost:3000/contact color: rgb(120, 120, 120) color: inherit {o: http://localhost:3000/contact, sv: 0.1.3, sdkn: @vercel/analytics/next, sdkv: 2.0.1, ts: 1791208297262} /_vercel/insights/view @ http://localhost:3000/_next/static/chunks/node_modules_next_dist_1e8vcs8._.js:776
[ 1258302ms] [LOG] %c[Vercel Speed Insights]%c Debug mode is enabled by default in development. No requests will be sent to the server. color: rgb(120, 120, 120) color: inherit @ http://localhost:3000/_next/static/chunks/node_modules_next_dist_1e8vcs8._.js:776
[ 1258895ms] [INFO] %cDownload the React DevTools for a better development experience: https://react.dev/link/react-devtools font-weight:bold @ http://localhost:3000/_next/static/chunks/node_modules_next_dist_1e8vcs8._.js:776
[ 1258906ms] [LOG] [HMR] connected @ http://localhost:3000/_next/static/chunks/node_modules_next_dist_1e8vcs8._.js:776
[ 1258952ms] [LOG] %c[Vercel Web Analytics]%c Debug mode is enabled by default in development. No requests will be sent to the server. color: rgb(120, 120, 120) color: inherit @ http://localhost:3000/_next/static/chunks/node_modules_next_dist_1e8vcs8._.js:776
[ 1258952ms] [LOG] %c[Vercel Web Analytics]%c Running queued event color: rgb(120, 120, 120) color: inherit pageview {route: /privacy, path: /privacy} @ http://localhost:3000/_next/static/chunks/node_modules_next_dist_1e8vcs8._.js:776
[ 1258952ms] [LOG] %c[Vercel Web Analytics]%c Running queued event color: rgb(120, 120, 120) color: inherit pageview {route: /privacy, path: /privacy} @ http://localhost:3000/_next/static/chunks/node_modules_next_dist_1e8vcs8._.js:776
[ 1258952ms] [LOG] %c[Vercel Web Analytics]%c [view] http://localhost:3000/privacy color: rgb(120, 120, 120) color: inherit {o: http://localhost:3000/privacy, sv: 0.1.3, sdkn: @vercel/analytics/next, sdkv: 2.0.1, ts: 1791208297912} /_vercel/insights/view @ http://localhost:3000/_next/static/chunks/node_modules_next_dist_1e8vcs8._.js:776
[ 1258952ms] [LOG] %c[Vercel Web Analytics]%c [view] http://localhost:3000/privacy color: rgb(120, 120, 120) color: inherit {o: http://localhost:3000/privacy, sv: 0.1.3, sdkn: @vercel/analytics/next, sdkv: 2.0.1, ts: 1791208297913} /_vercel/insights/view @ http://localhost:3000/_next/static/chunks/node_modules_next_dist_1e8vcs8._.js:776
[ 1258952ms] [LOG] %c[Vercel Speed Insights]%c Debug mode is enabled by default in development. No requests will be sent to the server. color: rgb(120, 120, 120) color: inherit @ http://localhost:3000/_next/static/chunks/node_modules_next_dist_1e8vcs8._.js:776
[ 1259645ms] [INFO] %cDownload the React DevTools for a better development experience: https://react.dev/link/react-devtools font-weight:bold @ http://localhost:3000/_next/static/chunks/node_modules_next_dist_1e8vcs8._.js:776
[ 1259657ms] [LOG] [HMR] connected @ http://localhost:3000/_next/static/chunks/node_modules_next_dist_1e8vcs8._.js:776
[ 1259705ms] [LOG] %c[Vercel Web Analytics]%c Debug mode is enabled by default in development. No requests will be sent to the server. color: rgb(120, 120, 120) color: inherit @ http://localhost:3000/_next/static/chunks/node_modules_next_dist_1e8vcs8._.js:776
[ 1259705ms] [LOG] %c[Vercel Web Analytics]%c Running queued event color: rgb(120, 120, 120) color: inherit pageview {route: /terms, path: /terms} @ http://localhost:3000/_next/static/chunks/node_modules_next_dist_1e8vcs8._.js:776
[ 1259705ms] [LOG] %c[Vercel Web Analytics]%c Running queued event color: rgb(120, 120, 120) color: inherit pageview {route: /terms, path: /terms} @ http://localhost:3000/_next/static/chunks/node_modules_next_dist_1e8vcs8._.js:776
[ 1259706ms] [LOG] %c[Vercel Web Analytics]%c [view] http://localhost:3000/terms color: rgb(120, 120, 120) color: inherit {o: http://localhost:3000/terms, sv: 0.1.3, sdkn: @vercel/analytics/next, sdkv: 2.0.1, ts: 1791208298666} /_vercel/insights/view @ http://localhost:3000/_next/static/chunks/node_modules_next_dist_1e8vcs8._.js:776
[ 1259706ms] [LOG] %c[Vercel Web Analytics]%c [view] http://localhost:3000/terms color: rgb(120, 120, 120) color: inherit {o: http://localhost:3000/terms, sv: 0.1.3, sdkn: @vercel/analytics/next, sdkv: 2.0.1, ts: 1791208298666} /_vercel/insights/view @ http://localhost:3000/_next/static/chunks/node_modules_next_dist_1e8vcs8._.js:776
[ 1259706ms] [LOG] %c[Vercel Speed Insights]%c Debug mode is enabled by default in development. No requests will be sent to the server. color: rgb(120, 120, 120) color: inherit @ http://localhost:3000/_next/static/chunks/node_modules_next_dist_1e8vcs8._.js:776
[ 1260273ms] [ERROR] Failed to load resource: the server responded with a status of 404 (Not Found) @ http://localhost:3000/nonexistent:0
[ 1260294ms] [INFO] %cDownload the React DevTools for a better development experience: https://react.dev/link/react-devtools font-weight:bold @ http://localhost:3000/_next/static/chunks/node_modules_next_dist_1e8vcs8._.js:776
[ 1260304ms] [LOG] [HMR] connected @ http://localhost:3000/_next/static/chunks/node_modules_next_dist_1e8vcs8._.js:776
[ 1260340ms] [LOG] %c[Vercel Web Analytics]%c Debug mode is enabled by default in development. No requests will be sent to the server. color: rgb(120, 120, 120) color: inherit @ http://localhost:3000/_next/static/chunks/node_modules_next_dist_1e8vcs8._.js:776
[ 1260340ms] [LOG] %c[Vercel Web Analytics]%c Running queued event color: rgb(120, 120, 120) color: inherit pageview {route: /nonexistent, path: /nonexistent} @ http://localhost:3000/_next/static/chunks/node_modules_next_dist_1e8vcs8._.js:776
[ 1260340ms] [LOG] %c[Vercel Web Analytics]%c Running queued event color: rgb(120, 120, 120) color: inherit pageview {route: /nonexistent, path: /nonexistent} @ http://localhost:3000/_next/static/chunks/node_modules_next_dist_1e8vcs8._.js:776
[ 1260340ms] [LOG] %c[Vercel Web Analytics]%c [view] http://localhost:3000/nonexistent color: rgb(120, 120, 120) color: inherit {o: http://localhost:3000/nonexistent, sv: 0.1.3, sdkn: @vercel/analytics/next, sdkv: 2.0.1, ts: 1791208299301} /_vercel/insights/view @ http://localhost:3000/_next/static/chunks/node_modules_next_dist_1e8vcs8._.js:776
[ 1260340ms] [LOG] %c[Vercel Web Analytics]%c [view] http://localhost:3000/nonexistent color: rgb(120, 120, 120) color: inherit {o: http://localhost:3000/nonexistent, sv: 0.1.3, sdkn: @vercel/analytics/next, sdkv: 2.0.1, ts: 1791208299301} /_vercel/insights/view @ http://localhost:3000/_next/static/chunks/node_modules_next_dist_1e8vcs8._.js:776
[ 1260341ms] [LOG] %c[Vercel Speed Insights]%c Debug mode is enabled by default in development. No requests will be sent to the server. color: rgb(120, 120, 120) color: inherit @ http://localhost:3000/_next/static/chunks/node_modules_next_dist_1e8vcs8._.js:776
[ 1781183ms] [INFO] %cDownload the React DevTools for a better development experience: https://react.dev/link/react-devtools font-weight:bold @ http://localhost:3000/_next/static/chunks/node_modules_next_dist_1e8vcs8._.js:776
[ 1781217ms] [LOG] [HMR] connected @ http://localhost:3000/_next/static/chunks/node_modules_next_dist_1e8vcs8._.js:776
[ 1781310ms] [LOG] %c[Vercel Web Analytics]%c Debug mode is enabled by default in development. No requests will be sent to the server. color: rgb(120, 120, 120) color: inherit @ http://localhost:3000/_next/static/chunks/node_modules_next_dist_1e8vcs8._.js:776
[ 1781310ms] [LOG] %c[Vercel Web Analytics]%c Running queued event color: rgb(120, 120, 120) color: inherit pageview {route: /, path: /} @ http://localhost:3000/_next/static/chunks/node_modules_next_dist_1e8vcs8._.js:776
[ 1781311ms] [LOG] %c[Vercel Web Analytics]%c Running queued event color: rgb(120, 120, 120) color: inherit pageview {route: /, path: /} @ http://localhost:3000/_next/static/chunks/node_modules_next_dist_1e8vcs8._.js:776
[ 1781311ms] [LOG] %c[Vercel Web Analytics]%c [view] http://localhost:3000/ color: rgb(120, 120, 120) color: inherit {o: http://localhost:3000/, sv: 0.1.3, sdkn: @vercel/analytics/next, sdkv: 2.0.1, ts: 1791208820271} /_vercel/insights/view @ http://localhost:3000/_next/static/chunks/node_modules_next_dist_1e8vcs8._.js:776
[ 1781311ms] [LOG] %c[Vercel Web Analytics]%c [view] http://localhost:3000/ color: rgb(120, 120, 120) color: inherit {o: http://localhost:3000/, sv: 0.1.3, sdkn: @vercel/analytics/next, sdkv: 2.0.1, ts: 1791208820272} /_vercel/insights/view @ http://localhost:3000/_next/static/chunks/node_modules_next_dist_1e8vcs8._.js:776
[ 1781312ms] [LOG] %c[Vercel Speed Insights]%c Debug mode is enabled by default in development. No requests will be sent to the server. color: rgb(120, 120, 120) color: inherit @ http://localhost:3000/_next/static/chunks/node_modules_next_dist_1e8vcs8._.js:776
[ 1782781ms] [INFO] %cDownload the React DevTools for a better development experience: https://react.dev/link/react-devtools font-weight:bold @ http://localhost:3000/_next/static/chunks/node_modules_next_dist_1e8vcs8._.js:776
[ 1782795ms] [LOG] [HMR] connected @ http://localhost:3000/_next/static/chunks/node_modules_next_dist_1e8vcs8._.js:776
[ 1782843ms] [LOG] %c[Vercel Web Analytics]%c Debug mode is enabled by default in development. No requests will be sent to the server. color: rgb(120, 120, 120) color: inherit @ http://localhost:3000/_next/static/chunks/node_modules_next_dist_1e8vcs8._.js:776
[ 1782844ms] [LOG] %c[Vercel Web Analytics]%c Running queued event color: rgb(120, 120, 120) color: inherit pageview {route: /, path: /} @ http://localhost:3000/_next/static/chunks/node_modules_next_dist_1e8vcs8._.js:776
[ 1782844ms] [LOG] %c[Vercel Web Analytics]%c Running queued event color: rgb(120, 120, 120) color: inherit pageview {route: /, path: /} @ http://localhost:3000/_next/static/chunks/node_modules_next_dist_1e8vcs8._.js:776
[ 1782844ms] [LOG] %c[Vercel Web Analytics]%c [view] http://localhost:3000/ color: rgb(120, 120, 120) color: inherit {o: http://localhost:3000/, sv: 0.1.3, sdkn: @vercel/analytics/next, sdkv: 2.0.1, ts: 1791208821804} /_vercel/insights/view @ http://localhost:3000/_next/static/chunks/node_modules_next_dist_1e8vcs8._.js:776
[ 1782844ms] [LOG] %c[Vercel Web Analytics]%c [view] http://localhost:3000/ color: rgb(120, 120, 120) color: inherit {o: http://localhost:3000/, sv: 0.1.3, sdkn: @vercel/analytics/next, sdkv: 2.0.1, ts: 1791208821804} /_vercel/insights/view @ http://localhost:3000/_next/static/chunks/node_modules_next_dist_1e8vcs8._.js:776
[ 1782844ms] [LOG] %c[Vercel Speed Insights]%c Debug mode is enabled by default in development. No requests will be sent to the server. color: rgb(120, 120, 120) color: inherit @ http://localhost:3000/_next/static/chunks/node_modules_next_dist_1e8vcs8._.js:776
[ 1784617ms] [INFO] %cDownload the React DevTools for a better development experience: https://react.dev/link/react-devtools font-weight:bold @ http://localhost:3000/_next/static/chunks/node_modules_next_dist_1e8vcs8._.js:776
[ 1784630ms] [LOG] [HMR] connected @ http://localhost:3000/_next/static/chunks/node_modules_next_dist_1e8vcs8._.js:776
[ 1784683ms] [LOG] %c[Vercel Web Analytics]%c Debug mode is enabled by default in development. No requests will be sent to the server. color: rgb(120, 120, 120) color: inherit @ http://localhost:3000/_next/static/chunks/node_modules_next_dist_1e8vcs8._.js:776
[ 1784683ms] [LOG] %c[Vercel Web Analytics]%c Running queued event color: rgb(120, 120, 120) color: inherit pageview {route: /, path: /} @ http://localhost:3000/_next/static/chunks/node_modules_next_dist_1e8vcs8._.js:776
[ 1784683ms] [LOG] %c[Vercel Web Analytics]%c Running queued event color: rgb(120, 120, 120) color: inherit pageview {route: /, path: /} @ http://localhost:3000/_next/static/chunks/node_modules_next_dist_1e8vcs8._.js:776
[ 1784683ms] [LOG] %c[Vercel Web Analytics]%c [view] http://localhost:3000/ color: rgb(120, 120, 120) color: inherit {o: http://localhost:3000/, sv: 0.1.3, sdkn: @vercel/analytics/next, sdkv: 2.0.1, ts: 1791208823644} /_vercel/insights/view @ http://localhost:3000/_next/static/chunks/node_modules_next_dist_1e8vcs8._.js:776
[ 1784683ms] [LOG] %c[Vercel Web Analytics]%c [view] http://localhost:3000/ color: rgb(120, 120, 120) color: inherit {o: http://localhost:3000/, sv: 0.1.3, sdkn: @vercel/analytics/next, sdkv: 2.0.1, ts: 1791208823644} /_vercel/insights/view @ http://localhost:3000/_next/static/chunks/node_modules_next_dist_1e8vcs8._.js:776
[ 1784684ms] [LOG] %c[Vercel Speed Insights]%c Debug mode is enabled by default in development. No requests will be sent to the server. color: rgb(120, 120, 120) color: inherit @ http://localhost:3000/_next/static/chunks/node_modules_next_dist_1e8vcs8._.js:776
[ 1785304ms] [INFO] %cDownload the React DevTools for a better development experience: https://react.dev/link/react-devtools font-weight:bold @ http://localhost:3000/_next/static/chunks/node_modules_next_dist_1e8vcs8._.js:776
[ 1785320ms] [LOG] [HMR] connected @ http://localhost:3000/_next/static/chunks/node_modules_next_dist_1e8vcs8._.js:776
[ 1785358ms] [LOG] %c[Vercel Web Analytics]%c Debug mode is enabled by default in development. No requests will be sent to the server. color: rgb(120, 120, 120) color: inherit @ http://localhost:3000/_next/static/chunks/node_modules_next_dist_1e8vcs8._.js:776
[ 1785358ms] [LOG] %c[Vercel Web Analytics]%c Running queued event color: rgb(120, 120, 120) color: inherit pageview {route: /services, path: /services} @ http://localhost:3000/_next/static/chunks/node_modules_next_dist_1e8vcs8._.js:776
[ 1785358ms] [LOG] %c[Vercel Web Analytics]%c Running queued event color: rgb(120, 120, 120) color: inherit pageview {route: /services, path: /services} @ http://localhost:3000/_next/static/chunks/node_modules_next_dist_1e8vcs8._.js:776
[ 1785358ms] [LOG] %c[Vercel Web Analytics]%c [view] http://localhost:3000/services color: rgb(120, 120, 120) color: inherit {o: http://localhost:3000/services, sv: 0.1.3, sdkn: @vercel/analytics/next, sdkv: 2.0.1, ts: 1791208824318} /_vercel/insights/view @ http://localhost:3000/_next/static/chunks/node_modules_next_dist_1e8vcs8._.js:776
[ 1785358ms] [LOG] %c[Vercel Web Analytics]%c [view] http://localhost:3000/services color: rgb(120, 120, 120) color: inherit {o: http://localhost:3000/services, sv: 0.1.3, sdkn: @vercel/analytics/next, sdkv: 2.0.1, ts: 1791208824318} /_vercel/insights/view @ http://localhost:3000/_next/static/chunks/node_modules_next_dist_1e8vcs8._.js:776
[ 1785361ms] [LOG] %c[Vercel Speed Insights]%c Debug mode is enabled by default in development. No requests will be sent to the server. color: rgb(120, 120, 120) color: inherit @ http://localhost:3000/_next/static/chunks/node_modules_next_dist_1e8vcs8._.js:776
[ 1785970ms] [INFO] %cDownload the React DevTools for a better development experience: https://react.dev/link/react-devtools font-weight:bold @ http://localhost:3000/_next/static/chunks/node_modules_next_dist_1e8vcs8._.js:776
[ 1785982ms] [LOG] [HMR] connected @ http://localhost:3000/_next/static/chunks/node_modules_next_dist_1e8vcs8._.js:776
[ 1786020ms] [LOG] %c[Vercel Web Analytics]%c Debug mode is enabled by default in development. No requests will be sent to the server. color: rgb(120, 120, 120) color: inherit @ http://localhost:3000/_next/static/chunks/node_modules_next_dist_1e8vcs8._.js:776
[ 1786020ms] [LOG] %c[Vercel Web Analytics]%c Running queued event color: rgb(120, 120, 120) color: inherit pageview {route: /solutions, path: /solutions} @ http://localhost:3000/_next/static/chunks/node_modules_next_dist_1e8vcs8._.js:776
[ 1786020ms] [LOG] %c[Vercel Web Analytics]%c Running queued event color: rgb(120, 120, 120) color: inherit pageview {route: /solutions, path: /solutions} @ http://localhost:3000/_next/static/chunks/node_modules_next_dist_1e8vcs8._.js:776
[ 1786020ms] [LOG] %c[Vercel Web Analytics]%c [view] http://localhost:3000/solutions color: rgb(120, 120, 120) color: inherit {o: http://localhost:3000/solutions, sv: 0.1.3, sdkn: @vercel/analytics/next, sdkv: 2.0.1, ts: 1791208824980} /_vercel/insights/view @ http://localhost:3000/_next/static/chunks/node_modules_next_dist_1e8vcs8._.js:776
[ 1786020ms] [LOG] %c[Vercel Web Analytics]%c [view] http://localhost:3000/solutions color: rgb(120, 120, 120) color: inherit {o: http://localhost:3000/solutions, sv: 0.1.3, sdkn: @vercel/analytics/next, sdkv: 2.0.1, ts: 1791208824980} /_vercel/insights/view @ http://localhost:3000/_next/static/chunks/node_modules_next_dist_1e8vcs8._.js:776
[ 1786020ms] [LOG] %c[Vercel Speed Insights]%c Debug mode is enabled by default in development. No requests will be sent to the server. color: rgb(120, 120, 120) color: inherit @ http://localhost:3000/_next/static/chunks/node_modules_next_dist_1e8vcs8._.js:776
[ 1786598ms] [INFO] %cDownload the React DevTools for a better development experience: https://react.dev/link/react-devtools font-weight:bold @ http://localhost:3000/_next/static/chunks/node_modules_next_dist_1e8vcs8._.js:776
[ 1786606ms] [LOG] [HMR] connected @ http://localhost:3000/_next/static/chunks/node_modules_next_dist_1e8vcs8._.js:776
[ 1786643ms] [LOG] %c[Vercel Web Analytics]%c Debug mode is enabled by default in development. No requests will be sent to the server. color: rgb(120, 120, 120) color: inherit @ http://localhost:3000/_next/static/chunks/node_modules_next_dist_1e8vcs8._.js:776
[ 1786643ms] [LOG] %c[Vercel Web Analytics]%c Running queued event color: rgb(120, 120, 120) color: inherit pageview {route: /work, path: /work} @ http://localhost:3000/_next/static/chunks/node_modules_next_dist_1e8vcs8._.js:776
[ 1786643ms] [LOG] %c[Vercel Web Analytics]%c Running queued event color: rgb(120, 120, 120) color: inherit pageview {route: /work, path: /work} @ http://localhost:3000/_next/static/chunks/node_modules_next_dist_1e8vcs8._.js:776
[ 1786643ms] [LOG] %c[Vercel Web Analytics]%c [view] http://localhost:3000/work color: rgb(120, 120, 120) color: inherit {o: http://localhost:3000/work, sv: 0.1.3, sdkn: @vercel/analytics/next, sdkv: 2.0.1, ts: 1791208825603} /_vercel/insights/view @ http://localhost:3000/_next/static/chunks/node_modules_next_dist_1e8vcs8._.js:776
[ 1786643ms] [LOG] %c[Vercel Web Analytics]%c [view] http://localhost:3000/work color: rgb(120, 120, 120) color: inherit {o: http://localhost:3000/work, sv: 0.1.3, sdkn: @vercel/analytics/next, sdkv: 2.0.1, ts: 1791208825603} /_vercel/insights/view @ http://localhost:3000/_next/static/chunks/node_modules_next_dist_1e8vcs8._.js:776
[ 1786643ms] [LOG] %c[Vercel Speed Insights]%c Debug mode is enabled by default in development. No requests will be sent to the server. color: rgb(120, 120, 120) color: inherit @ http://localhost:3000/_next/static/chunks/node_modules_next_dist_1e8vcs8._.js:776
[ 1787243ms] [INFO] %cDownload the React DevTools for a better development experience: https://react.dev/link/react-devtools font-weight:bold @ http://localhost:3000/_next/static/chunks/node_modules_next_dist_1e8vcs8._.js:776
[ 1787259ms] [LOG] [HMR] connected @ http://localhost:3000/_next/static/chunks/node_modules_next_dist_1e8vcs8._.js:776
[ 1787309ms] [LOG] %c[Vercel Web Analytics]%c Debug mode is enabled by default in development. No requests will be sent to the server. color: rgb(120, 120, 120) color: inherit @ http://localhost:3000/_next/static/chunks/node_modules_next_dist_1e8vcs8._.js:776
[ 1787309ms] [LOG] %c[Vercel Web Analytics]%c Running queued event color: rgb(120, 120, 120) color: inherit pageview {route: /work/[slug], path: /work/bookcargo} @ http://localhost:3000/_next/static/chunks/node_modules_next_dist_1e8vcs8._.js:776
[ 1787309ms] [LOG] %c[Vercel Web Analytics]%c Running queued event color: rgb(120, 120, 120) color: inherit pageview {route: /work/[slug], path: /work/bookcargo} @ http://localhost:3000/_next/static/chunks/node_modules_next_dist_1e8vcs8._.js:776
[ 1787309ms] [LOG] %c[Vercel Web Analytics]%c [view] http://localhost:3000/work/bookcargo color: rgb(120, 120, 120) color: inherit {o: http://localhost:3000/work/bookcargo, sv: 0.1.3, sdkn: @vercel/analytics/next, sdkv: 2.0.1, ts: 1791208826270} /_vercel/insights/view @ http://localhost:3000/_next/static/chunks/node_modules_next_dist_1e8vcs8._.js:776
[ 1787310ms] [LOG] %c[Vercel Web Analytics]%c [view] http://localhost:3000/work/bookcargo color: rgb(120, 120, 120) color: inherit {o: http://localhost:3000/work/bookcargo, sv: 0.1.3, sdkn: @vercel/analytics/next, sdkv: 2.0.1, ts: 1791208826270} /_vercel/insights/view @ http://localhost:3000/_next/static/chunks/node_modules_next_dist_1e8vcs8._.js:776
[ 1787311ms] [LOG] %c[Vercel Speed Insights]%c Debug mode is enabled by default in development. No requests will be sent to the server. color: rgb(120, 120, 120) color: inherit @ http://localhost:3000/_next/static/chunks/node_modules_next_dist_1e8vcs8._.js:776
[ 1787893ms] [INFO] %cDownload the React DevTools for a better development experience: https://react.dev/link/react-devtools font-weight:bold @ http://localhost:3000/_next/static/chunks/node_modules_next_dist_1e8vcs8._.js:776
[ 1787903ms] [LOG] [HMR] connected @ http://localhost:3000/_next/static/chunks/node_modules_next_dist_1e8vcs8._.js:776
[ 1787934ms] [LOG] %c[Vercel Web Analytics]%c Debug mode is enabled by default in development. No requests will be sent to the server. color: rgb(120, 120, 120) color: inherit @ http://localhost:3000/_next/static/chunks/node_modules_next_dist_1e8vcs8._.js:776
[ 1787934ms] [LOG] %c[Vercel Web Analytics]%c Running queued event color: rgb(120, 120, 120) color: inherit pageview {route: /about, path: /about} @ http://localhost:3000/_next/static/chunks/node_modules_next_dist_1e8vcs8._.js:776
[ 1787935ms] [LOG] %c[Vercel Web Analytics]%c Running queued event color: rgb(120, 120, 120) color: inherit pageview {route: /about, path: /about} @ http://localhost:3000/_next/static/chunks/node_modules_next_dist_1e8vcs8._.js:776
[ 1787935ms] [LOG] %c[Vercel Web Analytics]%c [view] http://localhost:3000/about color: rgb(120, 120, 120) color: inherit {o: http://localhost:3000/about, sv: 0.1.3, sdkn: @vercel/analytics/next, sdkv: 2.0.1, ts: 1791208826895} /_vercel/insights/view @ http://localhost:3000/_next/static/chunks/node_modules_next_dist_1e8vcs8._.js:776
[ 1787935ms] [LOG] %c[Vercel Web Analytics]%c [view] http://localhost:3000/about color: rgb(120, 120, 120) color: inherit {o: http://localhost:3000/about, sv: 0.1.3, sdkn: @vercel/analytics/next, sdkv: 2.0.1, ts: 1791208826895} /_vercel/insights/view @ http://localhost:3000/_next/static/chunks/node_modules_next_dist_1e8vcs8._.js:776
[ 1787935ms] [LOG] %c[Vercel Speed Insights]%c Debug mode is enabled by default in development. No requests will be sent to the server. color: rgb(120, 120, 120) color: inherit @ http://localhost:3000/_next/static/chunks/node_modules_next_dist_1e8vcs8._.js:776
[ 1788537ms] [INFO] %cDownload the React DevTools for a better development experience: https://react.dev/link/react-devtools font-weight:bold @ http://localhost:3000/_next/static/chunks/node_modules_next_dist_1e8vcs8._.js:776
[ 1788550ms] [LOG] [HMR] connected @ http://localhost:3000/_next/static/chunks/node_modules_next_dist_1e8vcs8._.js:776
[ 1788596ms] [LOG] %c[Vercel Web Analytics]%c Debug mode is enabled by default in development. No requests will be sent to the server. color: rgb(120, 120, 120) color: inherit @ http://localhost:3000/_next/static/chunks/node_modules_next_dist_1e8vcs8._.js:776
[ 1788596ms] [LOG] %c[Vercel Web Analytics]%c Running queued event color: rgb(120, 120, 120) color: inherit pageview {route: /contact, path: /contact} @ http://localhost:3000/_next/static/chunks/node_modules_next_dist_1e8vcs8._.js:776
[ 1788596ms] [LOG] %c[Vercel Web Analytics]%c Running queued event color: rgb(120, 120, 120) color: inherit pageview {route: /contact, path: /contact} @ http://localhost:3000/_next/static/chunks/node_modules_next_dist_1e8vcs8._.js:776
[ 1788596ms] [LOG] %c[Vercel Web Analytics]%c [view] http://localhost:3000/contact color: rgb(120, 120, 120) color: inherit {o: http://localhost:3000/contact, sv: 0.1.3, sdkn: @vercel/analytics/next, sdkv: 2.0.1, ts: 1791208827556} /_vercel/insights/view @ http://localhost:3000/_next/static/chunks/node_modules_next_dist_1e8vcs8._.js:776
[ 1788596ms] [LOG] %c[Vercel Web Analytics]%c [view] http://localhost:3000/contact color: rgb(120, 120, 120) color: inherit {o: http://localhost:3000/contact, sv: 0.1.3, sdkn: @vercel/analytics/next, sdkv: 2.0.1, ts: 1791208827556} /_vercel/insights/view @ http://localhost:3000/_next/static/chunks/node_modules_next_dist_1e8vcs8._.js:776
[ 1788596ms] [LOG] %c[Vercel Speed Insights]%c Debug mode is enabled by default in development. No requests will be sent to the server. color: rgb(120, 120, 120) color: inherit @ http://localhost:3000/_next/static/chunks/node_modules_next_dist_1e8vcs8._.js:776
[ 1789202ms] [INFO] %cDownload the React DevTools for a better development experience: https://react.dev/link/react-devtools font-weight:bold @ http://localhost:3000/_next/static/chunks/node_modules_next_dist_1e8vcs8._.js:776
[ 1789217ms] [LOG] [HMR] connected @ http://localhost:3000/_next/static/chunks/node_modules_next_dist_1e8vcs8._.js:776
[ 1789289ms] [LOG] %c[Vercel Web Analytics]%c Debug mode is enabled by default in development. No requests will be sent to the server. color: rgb(120, 120, 120) color: inherit @ http://localhost:3000/_next/static/chunks/node_modules_next_dist_1e8vcs8._.js:776
[ 1789289ms] [LOG] %c[Vercel Web Analytics]%c Running queued event color: rgb(120, 120, 120) color: inherit pageview {route: /, path: /} @ http://localhost:3000/_next/static/chunks/node_modules_next_dist_1e8vcs8._.js:776
[ 1789290ms] [LOG] %c[Vercel Web Analytics]%c Running queued event color: rgb(120, 120, 120) color: inherit pageview {route: /, path: /} @ http://localhost:3000/_next/static/chunks/node_modules_next_dist_1e8vcs8._.js:776
[ 1789290ms] [LOG] %c[Vercel Web Analytics]%c [view] http://localhost:3000/ color: rgb(120, 120, 120) color: inherit {o: http://localhost:3000/, sv: 0.1.3, sdkn: @vercel/analytics/next, sdkv: 2.0.1, ts: 1791208828250} /_vercel/insights/view @ http://localhost:3000/_next/static/chunks/node_modules_next_dist_1e8vcs8._.js:776
[ 1789290ms] [LOG] %c[Vercel Web Analytics]%c [view] http://localhost:3000/ color: rgb(120, 120, 120) color: inherit {o: http://localhost:3000/, sv: 0.1.3, sdkn: @vercel/analytics/next, sdkv: 2.0.1, ts: 1791208828250} /_vercel/insights/view @ http://localhost:3000/_next/static/chunks/node_modules_next_dist_1e8vcs8._.js:776
[ 1789290ms] [LOG] %c[Vercel Speed Insights]%c Debug mode is enabled by default in development. No requests will be sent to the server. color: rgb(120, 120, 120) color: inherit @ http://localhost:3000/_next/static/chunks/node_modules_next_dist_1e8vcs8._.js:776
[ 1789878ms] [INFO] %cDownload the React DevTools for a better development experience: https://react.dev/link/react-devtools font-weight:bold @ http://localhost:3000/_next/static/chunks/node_modules_next_dist_1e8vcs8._.js:776
[ 1789886ms] [LOG] [HMR] connected @ http://localhost:3000/_next/static/chunks/node_modules_next_dist_1e8vcs8._.js:776
[ 1789920ms] [LOG] %c[Vercel Web Analytics]%c Debug mode is enabled by default in development. No requests will be sent to the server. color: rgb(120, 120, 120) color: inherit @ http://localhost:3000/_next/static/chunks/node_modules_next_dist_1e8vcs8._.js:776
[ 1789920ms] [LOG] %c[Vercel Web Analytics]%c Running queued event color: rgb(120, 120, 120) color: inherit pageview {route: /services, path: /services} @ http://localhost:3000/_next/static/chunks/node_modules_next_dist_1e8vcs8._.js:776
[ 1789921ms] [LOG] %c[Vercel Web Analytics]%c Running queued event color: rgb(120, 120, 120) color: inherit pageview {route: /services, path: /services} @ http://localhost:3000/_next/static/chunks/node_modules_next_dist_1e8vcs8._.js:776
[ 1789921ms] [LOG] %c[Vercel Web Analytics]%c [view] http://localhost:3000/services color: rgb(120, 120, 120) color: inherit {o: http://localhost:3000/services, sv: 0.1.3, sdkn: @vercel/analytics/next, sdkv: 2.0.1, ts: 1791208828881} /_vercel/insights/view @ http://localhost:3000/_next/static/chunks/node_modules_next_dist_1e8vcs8._.js:776
[ 1789921ms] [LOG] %c[Vercel Web Analytics]%c [view] http://localhost:3000/services color: rgb(120, 120, 120) color: inherit {o: http://localhost:3000/services, sv: 0.1.3, sdkn: @vercel/analytics/next, sdkv: 2.0.1, ts: 1791208828881} /_vercel/insights/view @ http://localhost:3000/_next/static/chunks/node_modules_next_dist_1e8vcs8._.js:776
[ 1789921ms] [LOG] %c[Vercel Speed Insights]%c Debug mode is enabled by default in development. No requests will be sent to the server. color: rgb(120, 120, 120) color: inherit @ http://localhost:3000/_next/static/chunks/node_modules_next_dist_1e8vcs8._.js:776
[ 1790514ms] [INFO] %cDownload the React DevTools for a better development experience: https://react.dev/link/react-devtools font-weight:bold @ http://localhost:3000/_next/static/chunks/node_modules_next_dist_1e8vcs8._.js:776
[ 1790522ms] [LOG] [HMR] connected @ http://localhost:3000/_next/static/chunks/node_modules_next_dist_1e8vcs8._.js:776
[ 1790553ms] [LOG] %c[Vercel Web Analytics]%c Debug mode is enabled by default in development. No requests will be sent to the server. color: rgb(120, 120, 120) color: inherit @ http://localhost:3000/_next/static/chunks/node_modules_next_dist_1e8vcs8._.js:776
[ 1790553ms] [LOG] %c[Vercel Web Analytics]%c Running queued event color: rgb(120, 120, 120) color: inherit pageview {route: /work, path: /work} @ http://localhost:3000/_next/static/chunks/node_modules_next_dist_1e8vcs8._.js:776
[ 1790553ms] [LOG] %c[Vercel Web Analytics]%c Running queued event color: rgb(120, 120, 120) color: inherit pageview {route: /work, path: /work} @ http://localhost:3000/_next/static/chunks/node_modules_next_dist_1e8vcs8._.js:776
[ 1790553ms] [LOG] %c[Vercel Web Analytics]%c [view] http://localhost:3000/work color: rgb(120, 120, 120) color: inherit {o: http://localhost:3000/work, sv: 0.1.3, sdkn: @vercel/analytics/next, sdkv: 2.0.1, ts: 1791208829514} /_vercel/insights/view @ http://localhost:3000/_next/static/chunks/node_modules_next_dist_1e8vcs8._.js:776
[ 1790553ms] [LOG] %c[Vercel Web Analytics]%c [view] http://localhost:3000/work color: rgb(120, 120, 120) color: inherit {o: http://localhost:3000/work, sv: 0.1.3, sdkn: @vercel/analytics/next, sdkv: 2.0.1, ts: 1791208829514} /_vercel/insights/view @ http://localhost:3000/_next/static/chunks/node_modules_next_dist_1e8vcs8._.js:776
[ 1790554ms] [LOG] %c[Vercel Speed Insights]%c Debug mode is enabled by default in development. No requests will be sent to the server. color: rgb(120, 120, 120) color: inherit @ http://localhost:3000/_next/static/chunks/node_modules_next_dist_1e8vcs8._.js:776
[ 2146106ms] [INFO] %cDownload the React DevTools for a better development experience: https://react.dev/link/react-devtools font-weight:bold @ http://localhost:3000/_next/static/chunks/node_modules_next_dist_1e8vcs8._.js:776
[ 2146180ms] [LOG] [HMR] connected @ http://localhost:3000/_next/static/chunks/node_modules_next_dist_1e8vcs8._.js:776
[ 2146281ms] [LOG] %c[Vercel Web Analytics]%c Debug mode is enabled by default in development. No requests will be sent to the server. color: rgb(120, 120, 120) color: inherit @ http://localhost:3000/_next/static/chunks/node_modules_next_dist_1e8vcs8._.js:776
[ 2146281ms] [LOG] %c[Vercel Web Analytics]%c Running queued event color: rgb(120, 120, 120) color: inherit pageview {route: /, path: /} @ http://localhost:3000/_next/static/chunks/node_modules_next_dist_1e8vcs8._.js:776
[ 2146281ms] [LOG] %c[Vercel Web Analytics]%c Running queued event color: rgb(120, 120, 120) color: inherit pageview {route: /, path: /} @ http://localhost:3000/_next/static/chunks/node_modules_next_dist_1e8vcs8._.js:776
[ 2146282ms] [LOG] %c[Vercel Web Analytics]%c [view] http://localhost:3000/ color: rgb(120, 120, 120) color: inherit {o: http://localhost:3000/, sv: 0.1.3, sdkn: @vercel/analytics/next, sdkv: 2.0.1, ts: 1791209185242} /_vercel/insights/view @ http://localhost:3000/_next/static/chunks/node_modules_next_dist_1e8vcs8._.js:776
[ 2146282ms] [LOG] %c[Vercel Web Analytics]%c [view] http://localhost:3000/ color: rgb(120, 120, 120) color: inherit {o: http://localhost:3000/, sv: 0.1.3, sdkn: @vercel/analytics/next, sdkv: 2.0.1, ts: 1791209185242} /_vercel/insights/view @ http://localhost:3000/_next/static/chunks/node_modules_next_dist_1e8vcs8._.js:776
[ 2146282ms] [LOG] %c[Vercel Speed Insights]%c Debug mode is enabled by default in development. No requests will be sent to the server. color: rgb(120, 120, 120) color: inherit @ http://localhost:3000/_next/static/chunks/node_modules_next_dist_1e8vcs8._.js:776
[ 2180859ms] [LOG] [Fast Refresh] rebuilding @ http://localhost:3000/_next/static/chunks/node_modules_next_dist_1e8vcs8._.js:776
[ 2180904ms] [LOG] [Fast Refresh] done in 146ms @ http://localhost:3000/_next/static/chunks/node_modules_next_dist_1e8vcs8._.js:776
[ 2282978ms] [INFO] %cDownload the React DevTools for a better development experience: https://react.dev/link/react-devtools font-weight:bold @ http://localhost:3000/_next/static/chunks/node_modules_next_dist_1e8vcs8._.js:776
[ 2283018ms] [LOG] [HMR] connected @ http://localhost:3000/_next/static/chunks/node_modules_next_dist_1e8vcs8._.js:776
[ 2283131ms] [LOG] %c[Vercel Web Analytics]%c Debug mode is enabled by default in development. No requests will be sent to the server. color: rgb(120, 120, 120) color: inherit @ http://localhost:3000/_next/static/chunks/node_modules_next_dist_1e8vcs8._.js:776
[ 2283131ms] [LOG] %c[Vercel Web Analytics]%c Running queued event color: rgb(120, 120, 120) color: inherit pageview {route: /, path: /} @ http://localhost:3000/_next/static/chunks/node_modules_next_dist_1e8vcs8._.js:776
[ 2283134ms] [LOG] %c[Vercel Web Analytics]%c Running queued event color: rgb(120, 120, 120) color: inherit pageview {route: /, path: /} @ http://localhost:3000/_next/static/chunks/node_modules_next_dist_1e8vcs8._.js:776
[ 2283134ms] [LOG] %c[Vercel Web Analytics]%c [view] http://localhost:3000/ color: rgb(120, 120, 120) color: inherit {o: http://localhost:3000/, sv: 0.1.3, sdkn: @vercel/analytics/next, sdkv: 2.0.1, ts: 1791209322094} /_vercel/insights/view @ http://localhost:3000/_next/static/chunks/node_modules_next_dist_1e8vcs8._.js:776
[ 2283134ms] [LOG] %c[Vercel Web Analytics]%c [view] http://localhost:3000/ color: rgb(120, 120, 120) color: inherit {o: http://localhost:3000/, sv: 0.1.3, sdkn: @vercel/analytics/next, sdkv: 2.0.1, ts: 1791209322094} /_vercel/insights/view @ http://localhost:3000/_next/static/chunks/node_modules_next_dist_1e8vcs8._.js:776
[ 2283135ms] [LOG] %c[Vercel Speed Insights]%c Debug mode is enabled by default in development. No requests will be sent to the server. color: rgb(120, 120, 120) color: inherit @ http://localhost:3000/_next/static/chunks/node_modules_next_dist_1e8vcs8._.js:776
[ 2283777ms] [INFO] %cDownload the React DevTools for a better development experience: https://react.dev/link/react-devtools font-weight:bold @ http://localhost:3000/_next/static/chunks/node_modules_next_dist_1e8vcs8._.js:776
[ 2283798ms] [LOG] [HMR] connected @ http://localhost:3000/_next/static/chunks/node_modules_next_dist_1e8vcs8._.js:776
[ 2283857ms] [LOG] %c[Vercel Web Analytics]%c Debug mode is enabled by default in development. No requests will be sent to the server. color: rgb(120, 120, 120) color: inherit @ http://localhost:3000/_next/static/chunks/node_modules_next_dist_1e8vcs8._.js:776
[ 2283857ms] [LOG] %c[Vercel Web Analytics]%c Running queued event color: rgb(120, 120, 120) color: inherit pageview {route: /contact, path: /contact} @ http://localhost:3000/_next/static/chunks/node_modules_next_dist_1e8vcs8._.js:776
[ 2283857ms] [LOG] %c[Vercel Web Analytics]%c Running queued event color: rgb(120, 120, 120) color: inherit pageview {route: /contact, path: /contact} @ http://localhost:3000/_next/static/chunks/node_modules_next_dist_1e8vcs8._.js:776
[ 2283857ms] [LOG] %c[Vercel Web Analytics]%c [view] http://localhost:3000/contact color: rgb(120, 120, 120) color: inherit {o: http://localhost:3000/contact, sv: 0.1.3, sdkn: @vercel/analytics/next, sdkv: 2.0.1, ts: 1791209322817} /_vercel/insights/view @ http://localhost:3000/_next/static/chunks/node_modules_next_dist_1e8vcs8._.js:776
[ 2283857ms] [LOG] %c[Vercel Web Analytics]%c [view] http://localhost:3000/contact color: rgb(120, 120, 120) color: inherit {o: http://localhost:3000/contact, sv: 0.1.3, sdkn: @vercel/analytics/next, sdkv: 2.0.1, ts: 1791209322817} /_vercel/insights/view @ http://localhost:3000/_next/static/chunks/node_modules_next_dist_1e8vcs8._.js:776
[ 2283857ms] [LOG] %c[Vercel Speed Insights]%c Debug mode is enabled by default in development. No requests will be sent to the server. color: rgb(120, 120, 120) color: inherit @ http://localhost:3000/_next/static/chunks/node_modules_next_dist_1e8vcs8._.js:776
[ 2284475ms] [INFO] %cDownload the React DevTools for a better development experience: https://react.dev/link/react-devtools font-weight:bold @ http://localhost:3000/_next/static/chunks/node_modules_next_dist_1e8vcs8._.js:776
[ 2284490ms] [LOG] [HMR] connected @ http://localhost:3000/_next/static/chunks/node_modules_next_dist_1e8vcs8._.js:776
[ 2284567ms] [LOG] %c[Vercel Web Analytics]%c Debug mode is enabled by default in development. No requests will be sent to the server. color: rgb(120, 120, 120) color: inherit @ http://localhost:3000/_next/static/chunks/node_modules_next_dist_1e8vcs8._.js:776
[ 2284568ms] [LOG] %c[Vercel Web Analytics]%c Running queued event color: rgb(120, 120, 120) color: inherit pageview {route: /about, path: /about} @ http://localhost:3000/_next/static/chunks/node_modules_next_dist_1e8vcs8._.js:776
[ 2284568ms] [LOG] %c[Vercel Web Analytics]%c Running queued event color: rgb(120, 120, 120) color: inherit pageview {route: /about, path: /about} @ http://localhost:3000/_next/static/chunks/node_modules_next_dist_1e8vcs8._.js:776
[ 2284568ms] [LOG] %c[Vercel Web Analytics]%c [view] http://localhost:3000/about color: rgb(120, 120, 120) color: inherit {o: http://localhost:3000/about, sv: 0.1.3, sdkn: @vercel/analytics/next, sdkv: 2.0.1, ts: 1791209323528} /_vercel/insights/view @ http://localhost:3000/_next/static/chunks/node_modules_next_dist_1e8vcs8._.js:776
[ 2284568ms] [LOG] %c[Vercel Web Analytics]%c [view] http://localhost:3000/about color: rgb(120, 120, 120) color: inherit {o: http://localhost:3000/about, sv: 0.1.3, sdkn: @vercel/analytics/next, sdkv: 2.0.1, ts: 1791209323528} /_vercel/insights/view @ http://localhost:3000/_next/static/chunks/node_modules_next_dist_1e8vcs8._.js:776
[ 2284568ms] [LOG] %c[Vercel Speed Insights]%c Debug mode is enabled by default in development. No requests will be sent to the server. color: rgb(120, 120, 120) color: inherit @ http://localhost:3000/_next/static/chunks/node_modules_next_dist_1e8vcs8._.js:776
[ 2285206ms] [INFO] %cDownload the React DevTools for a better development experience: https://react.dev/link/react-devtools font-weight:bold @ http://localhost:3000/_next/static/chunks/node_modules_next_dist_1e8vcs8._.js:776
[ 2285219ms] [LOG] [HMR] connected @ http://localhost:3000/_next/static/chunks/node_modules_next_dist_1e8vcs8._.js:776
[ 2285271ms] [LOG] %c[Vercel Web Analytics]%c Debug mode is enabled by default in development. No requests will be sent to the server. color: rgb(120, 120, 120) color: inherit @ http://localhost:3000/_next/static/chunks/node_modules_next_dist_1e8vcs8._.js:776
[ 2285271ms] [LOG] %c[Vercel Web Analytics]%c Running queued event color: rgb(120, 120, 120) color: inherit pageview {route: /services, path: /services} @ http://localhost:3000/_next/static/chunks/node_modules_next_dist_1e8vcs8._.js:776
[ 2285271ms] [LOG] %c[Vercel Web Analytics]%c Running queued event color: rgb(120, 120, 120) color: inherit pageview {route: /services, path: /services} @ http://localhost:3000/_next/static/chunks/node_modules_next_dist_1e8vcs8._.js:776
[ 2285271ms] [LOG] %c[Vercel Web Analytics]%c [view] http://localhost:3000/services color: rgb(120, 120, 120) color: inherit {o: http://localhost:3000/services, sv: 0.1.3, sdkn: @vercel/analytics/next, sdkv: 2.0.1, ts: 1791209324231} /_vercel/insights/view @ http://localhost:3000/_next/static/chunks/node_modules_next_dist_1e8vcs8._.js:776
[ 2285271ms] [LOG] %c[Vercel Web Analytics]%c [view] http://localhost:3000/services color: rgb(120, 120, 120) color: inherit {o: http://localhost:3000/services, sv: 0.1.3, sdkn: @vercel/analytics/next, sdkv: 2.0.1, ts: 1791209324231} /_vercel/insights/view @ http://localhost:3000/_next/static/chunks/node_modules_next_dist_1e8vcs8._.js:776
[ 2285271ms] [LOG] %c[Vercel Speed Insights]%c Debug mode is enabled by default in development. No requests will be sent to the server. color: rgb(120, 120, 120) color: inherit @ http://localhost:3000/_next/static/chunks/node_modules_next_dist_1e8vcs8._.js:776
[ 2285904ms] [INFO] %cDownload the React DevTools for a better development experience: https://react.dev/link/react-devtools font-weight:bold @ http://localhost:3000/_next/static/chunks/node_modules_next_dist_1e8vcs8._.js:776
[ 2285921ms] [LOG] [HMR] connected @ http://localhost:3000/_next/static/chunks/node_modules_next_dist_1e8vcs8._.js:776
[ 2285966ms] [LOG] %c[Vercel Web Analytics]%c Debug mode is enabled by default in development. No requests will be sent to the server. color: rgb(120, 120, 120) color: inherit @ http://localhost:3000/_next/static/chunks/node_modules_next_dist_1e8vcs8._.js:776
[ 2285967ms] [LOG] %c[Vercel Web Analytics]%c Running queued event color: rgb(120, 120, 120) color: inherit pageview {route: /work/[slug], path: /work/bookcargo} @ http://localhost:3000/_next/static/chunks/node_modules_next_dist_1e8vcs8._.js:776
[ 2285967ms] [LOG] %c[Vercel Web Analytics]%c Running queued event color: rgb(120, 120, 120) color: inherit pageview {route: /work/[slug], path: /work/bookcargo} @ http://localhost:3000/_next/static/chunks/node_modules_next_dist_1e8vcs8._.js:776
[ 2285967ms] [LOG] %c[Vercel Web Analytics]%c [view] http://localhost:3000/work/bookcargo color: rgb(120, 120, 120) color: inherit {o: http://localhost:3000/work/bookcargo, sv: 0.1.3, sdkn: @vercel/analytics/next, sdkv: 2.0.1, ts: 1791209324927} /_vercel/insights/view @ http://localhost:3000/_next/static/chunks/node_modules_next_dist_1e8vcs8._.js:776
[ 2285967ms] [LOG] %c[Vercel Web Analytics]%c [view] http://localhost:3000/work/bookcargo color: rgb(120, 120, 120) color: inherit {o: http://localhost:3000/work/bookcargo, sv: 0.1.3, sdkn: @vercel/analytics/next, sdkv: 2.0.1, ts: 1791209324927} /_vercel/insights/view @ http://localhost:3000/_next/static/chunks/node_modules_next_dist_1e8vcs8._.js:776
[ 2285967ms] [LOG] %c[Vercel Speed Insights]%c Debug mode is enabled by default in development. No requests will be sent to the server. color: rgb(120, 120, 120) color: inherit @ http://localhost:3000/_next/static/chunks/node_modules_next_dist_1e8vcs8._.js:776
[ 2286534ms] [ERROR] Failed to load resource: the server responded with a status of 404 (Not Found) @ http://localhost:3000/nope:0
[ 2286568ms] [INFO] %cDownload the React DevTools for a better development experience: https://react.dev/link/react-devtools font-weight:bold @ http://localhost:3000/_next/static/chunks/node_modules_next_dist_1e8vcs8._.js:776
[ 2286576ms] [LOG] [HMR] connected @ http://localhost:3000/_next/static/chunks/node_modules_next_dist_1e8vcs8._.js:776
[ 2286607ms] [LOG] %c[Vercel Web Analytics]%c Debug mode is enabled by default in development. No requests will be sent to the server. color: rgb(120, 120, 120) color: inherit @ http://localhost:3000/_next/static/chunks/node_modules_next_dist_1e8vcs8._.js:776
[ 2286608ms] [LOG] %c[Vercel Web Analytics]%c Running queued event color: rgb(120, 120, 120) color: inherit pageview {route: /nope, path: /nope} @ http://localhost:3000/_next/static/chunks/node_modules_next_dist_1e8vcs8._.js:776
[ 2286608ms] [LOG] %c[Vercel Web Analytics]%c Running queued event color: rgb(120, 120, 120) color: inherit pageview {route: /nope, path: /nope} @ http://localhost:3000/_next/static/chunks/node_modules_next_dist_1e8vcs8._.js:776
[ 2286608ms] [LOG] %c[Vercel Web Analytics]%c [view] http://localhost:3000/nope color: rgb(120, 120, 120) color: inherit {o: http://localhost:3000/nope, sv: 0.1.3, sdkn: @vercel/analytics/next, sdkv: 2.0.1, ts: 1791209325568} /_vercel/insights/view @ http://localhost:3000/_next/static/chunks/node_modules_next_dist_1e8vcs8._.js:776
[ 2286608ms] [LOG] %c[Vercel Web Analytics]%c [view] http://localhost:3000/nope color: rgb(120, 120, 120) color: inherit {o: http://localhost:3000/nope, sv: 0.1.3, sdkn: @vercel/analytics/next, sdkv: 2.0.1, ts: 1791209325568} /_vercel/insights/view @ http://localhost:3000/_next/static/chunks/node_modules_next_dist_1e8vcs8._.js:776
[ 2286609ms] [LOG] %c[Vercel Speed Insights]%c Debug mode is enabled by default in development. No requests will be sent to the server. color: rgb(120, 120, 120) color: inherit @ http://localhost:3000/_next/static/chunks/node_modules_next_dist_1e8vcs8._.js:776
[ 2647125ms] [INFO] %cDownload the React DevTools for a better development experience: https://react.dev/link/react-devtools font-weight:bold @ http://localhost:3000/_next/static/chunks/node_modules_next_dist_1e8vcs8._.js:776
[ 2647150ms] [LOG] [HMR] connected @ http://localhost:3000/_next/static/chunks/node_modules_next_dist_1e8vcs8._.js:776
[ 2647217ms] [LOG] %c[Vercel Web Analytics]%c Debug mode is enabled by default in development. No requests will be sent to the server. color: rgb(120, 120, 120) color: inherit @ http://localhost:3000/_next/static/chunks/node_modules_next_dist_1e8vcs8._.js:776
[ 2647217ms] [LOG] %c[Vercel Web Analytics]%c Running queued event color: rgb(120, 120, 120) color: inherit pageview {route: /contact, path: /contact} @ http://localhost:3000/_next/static/chunks/node_modules_next_dist_1e8vcs8._.js:776
[ 2647217ms] [LOG] %c[Vercel Web Analytics]%c Running queued event color: rgb(120, 120, 120) color: inherit pageview {route: /contact, path: /contact} @ http://localhost:3000/_next/static/chunks/node_modules_next_dist_1e8vcs8._.js:776
[ 2647217ms] [LOG] %c[Vercel Web Analytics]%c [view] http://localhost:3000/contact color: rgb(120, 120, 120) color: inherit {o: http://localhost:3000/contact, sv: 0.1.3, sdkn: @vercel/analytics/next, sdkv: 2.0.1, ts: 1791209686177} /_vercel/insights/view @ http://localhost:3000/_next/static/chunks/node_modules_next_dist_1e8vcs8._.js:776
[ 2647217ms] [LOG] %c[Vercel Web Analytics]%c [view] http://localhost:3000/contact color: rgb(120, 120, 120) color: inherit {o: http://localhost:3000/contact, sv: 0.1.3, sdkn: @vercel/analytics/next, sdkv: 2.0.1, ts: 1791209686177} /_vercel/insights/view @ http://localhost:3000/_next/static/chunks/node_modules_next_dist_1e8vcs8._.js:776
[ 2647217ms] [LOG] %c[Vercel Speed Insights]%c Debug mode is enabled by default in development. No requests will be sent to the server. color: rgb(120, 120, 120) color: inherit @ http://localhost:3000/_next/static/chunks/node_modules_next_dist_1e8vcs8._.js:776
[ 3660625ms] [LOG] [HMR] connected @ http://localhost:3000/_next/static/chunks/node_modules_next_dist_1e8vcs8._.js:776
[ 5461829ms] [ERROR] WebSocket connection to 'ws://localhost:3000/_next/hmr?id=d-4QKaznDYfQnbrK-17tq' failed: Error in connection establishment: net::ERR_CONNECTION_REFUSED @ http://localhost:3000/_next/static/chunks/node_modules_next_dist_client_0_90u2t._.js:16348
[ 5462833ms] [ERROR] WebSocket connection to 'ws://localhost:3000/_next/hmr?id=d-4QKaznDYfQnbrK-17tq' failed: Error in connection establishment: net::ERR_CONNECTION_REFUSED @ http://localhost:3000/_next/static/chunks/node_modules_next_dist_client_0_90u2t._.js:16348
[ 5463839ms] [ERROR] WebSocket connection to 'ws://localhost:3000/_next/hmr?id=d-4QKaznDYfQnbrK-17tq' failed: Error in connection establishment: net::ERR_CONNECTION_REFUSED @ http://localhost:3000/_next/static/chunks/node_modules_next_dist_client_0_90u2t._.js:16348
[ 5464844ms] [ERROR] WebSocket connection to 'ws://localhost:3000/_next/hmr?id=d-4QKaznDYfQnbrK-17tq' failed: Error in connection establishment: net::ERR_CONNECTION_REFUSED @ http://localhost:3000/_next/static/chunks/node_modules_next_dist_client_0_90u2t._.js:16348
[ 5465849ms] [ERROR] WebSocket connection to 'ws://localhost:3000/_next/hmr?id=d-4QKaznDYfQnbrK-17tq' failed: Error in connection establishment: net::ERR_CONNECTION_REFUSED @ http://localhost:3000/_next/static/chunks/node_modules_next_dist_client_0_90u2t._.js:16348
[ 6533059ms] [ERROR] WebSocket connection to 'ws://localhost:3000/_next/hmr?id=d-4QKaznDYfQnbrK-17tq' failed: Error in connection establishment: net::ERR_CONNECTION_REFUSED @ http://localhost:3000/_next/static/chunks/node_modules_next_dist_client_0_90u2t._.js:16348
[ 6538063ms] [ERROR] WebSocket connection to 'ws://localhost:3000/_next/hmr?id=d-4QKaznDYfQnbrK-17tq' failed: Error in connection establishment: net::ERR_CONNECTION_REFUSED @ http://localhost:3000/_next/static/chunks/node_modules_next_dist_client_0_90u2t._.js:16348
[ 7172564ms] [ERROR] WebSocket connection to 'ws://localhost:3000/_next/hmr?id=d-4QKaznDYfQnbrK-17tq' failed: Error in connection establishment: net::ERR_CONNECTION_REFUSED @ http://localhost:3000/_next/static/chunks/node_modules_next_dist_client_0_90u2t._.js:16348
[ 7177569ms] [ERROR] WebSocket connection to 'ws://localhost:3000/_next/hmr?id=d-4QKaznDYfQnbrK-17tq' failed: Error in connection establishment: net::ERR_CONNECTION_REFUSED @ http://localhost:3000/_next/static/chunks/node_modules_next_dist_client_0_90u2t._.js:16348
[ 7182576ms] [ERROR] WebSocket connection to 'ws://localhost:3000/_next/hmr?id=d-4QKaznDYfQnbrK-17tq' failed: Error in connection establishment: net::ERR_CONNECTION_REFUSED @ http://localhost:3000/_next/static/chunks/node_modules_next_dist_client_0_90u2t._.js:16348
[ 7187590ms] [ERROR] WebSocket connection to 'ws://localhost:3000/_next/hmr?id=d-4QKaznDYfQnbrK-17tq' failed: Error in connection establishment: net::ERR_CONNECTION_REFUSED @ http://localhost:3000/_next/static/chunks/node_modules_next_dist_client_0_90u2t._.js:16348
[ 7192595ms] [ERROR] WebSocket connection to 'ws://localhost:3000/_next/hmr?id=d-4QKaznDYfQnbrK-17tq' failed: Error in connection establishment: net::ERR_CONNECTION_REFUSED @ http://localhost:3000/_next/static/chunks/node_modules_next_dist_client_0_90u2t._.js:16348
